"ID","Chr: bp","Alleles","Global MAF","Class","Source","Evidence","Clin sig","Type","AA","AA coord","SIFT","SIFT","PolyPhen","Transcript"
"rs550639617","7:144150693","A/T","0.000 (T)","SNP","dbSNP","1000Genomes,","-","                 Missense variant      ","V/D","226","tolerated(0.06)","tolerated(0.06)","benign(0.003)","ENST00000360057"
"rs568804217","7:144150703","C/A","0.000 (A)","SNP","dbSNP","1000Genomes,","-","                 Missense variant      ","G/W","223","deleterious(0)","deleterious(0)","probably damaging(0.965)","ENST00000360057"
"rs368458768","7:144150706","C/T","-","SNP","dbSNP","ESP,","-","                 Missense variant      ","D/N","222","deleterious(0)","deleterious(0)","possibly damaging(0.887)","ENST00000360057"
"rs371271054","7:144150714","T/C","-","SNP","dbSNP","ESP,Multiple_observations,","pathogenic,","                 Missense variant      ","N/S","219","deleterious(0)","deleterious(0)","probably damaging(1)","ENST00000360057"
"rs367833269","7:144245584","T/C","-","SNP","dbSNP","ESP,","-","                 Missense variant                              Splice region variant      ","T/A","205","tolerated(0.26)","tolerated(0.26)","benign(0.017)","ENST00000360057"
"rs552035224","7:144245623","A/G","0.000 (G)","SNP","dbSNP","1000Genomes,","-","                 Missense variant      ","C/R","192","deleterious(0)","deleterious(0)","probably damaging(0.999)","ENST00000360057"
"rs371701702","7:144245687","G/C","-","SNP","dbSNP","ESP,","-","                 Missense variant      ","H/Q","170","deleterious(0)","deleterious(0)","possibly damaging(0.864)","ENST00000360057"
"rs201237707","7:144288519","T/A","-","SNP","dbSNP","1000Genomes,","-","                 Missense variant      ","Q/H","166","deleterious(0.02)","deleterious(0.02)","possibly damaging(0.63)","ENST00000360057"
"rs374946048","7:144288526","A/G","-","SNP","dbSNP","-","-","                 Missense variant      ","L/P","164","deleterious(0)","deleterious(0)","probably damaging(1)","ENST00000360057"
"rs576168961","7:144288583","G/T","0.000 (T)","SNP","dbSNP","1000Genomes,","-","                 Missense variant      ","A/E","145","deleterious(0)","deleterious(0)","probably damaging(0.981)","ENST00000360057"
"rs147602742","7:144288625","C/T","-","SNP","dbSNP","ESP,Multiple_observations,","-","                 Missense variant      ","R/H","131","deleterious(0)","deleterious(0)","probably damaging(0.991)","ENST00000360057"
"rs547285921","7:144288652","A/G","-","SNP","dbSNP","-","-","                 Missense variant      ","I/T","122","deleterious(0)","deleterious(0)","probably damaging(0.98)","ENST00000360057"
"rs186564802","7:144320287","T/A","-","SNP","dbSNP","1000Genomes,","-","                 Missense variant      ","Q/L","109","tolerated(0.86)","tolerated(0.86)","benign(0.009)","ENST00000360057"
"rs145863885","7:144345928","G/A","-","SNP","dbSNP","ESP,","-","                 Missense variant      ","P/L","77","deleterious(0.02)","deleterious(0.02)","possibly damaging(0.48)","ENST00000360057"
"rs200717734","7:144380018","C/T","0.000 (T)","SNP","dbSNP","1000Genomes,ESP,Multiple_observations,","-","                 Missense variant      ","E/K","57","tolerated(0.58)","tolerated(0.58)","benign(0.033)","ENST00000360057"
"rs373745325","7:144380023","A/G","-","SNP","dbSNP","ESP,","-","                 Missense variant      ","I/T","55","tolerated(0.18)","tolerated(0.18)","benign(0.013)","ENST00000360057"
"rs201086987","7:144380030","A/G","-","SNP","dbSNP","-","-","                 Missense variant      ","Y/H","53","tolerated(0.24)","tolerated(0.24)","benign(0.343)","ENST00000360057"
"rs202038293","7:144380035","C/T","0.000 (T)","SNP","dbSNP","1000Genomes,Multiple_observations,","-","                 Missense variant      ","R/H","51","tolerated(0.39)","tolerated(0.39)","benign(0.007)","ENST00000360057"
"rs387906935","7:144380039","T/G","-","SNP","dbSNP","-","pathogenic,","                 Missense variant      ","N/H","50","deleterious(0)","deleterious(0)","probably damaging(0.999)","ENST00000360057"
"rs551699564","7:144380051","C/T","-","SNP","dbSNP","-","-","                 Missense variant      ","D/N","46","deleterious(0)","deleterious(0)","probably damaging(0.999)","ENST00000360057"
"rs387906936","7:144380068","A/G","-","SNP","dbSNP","-","pathogenic,","                 Missense variant      ","L/P","40","tolerated(0.11)","tolerated(0.11)","possibly damaging(0.787)","ENST00000360057"
"rs77358162","7:144462990","C/T","0.002 (T)","SNP","dbSNP","1000Genomes,ESP,Multiple_observations,","benign,","                 Missense variant      ","R/H","33","tolerated(0.55)","tolerated(0.55)","benign(0.003)","ENST00000360057"
"rs368467309","7:144462991","G/A","-","SNP","dbSNP","ESP,","-","                 Missense variant      ","R/C","33","tolerated(0.12)","tolerated(0.12)","possibly damaging(0.898)","ENST00000360057"
"rs531486319","7:144462996","T/G","0.000 (G)","SNP","dbSNP","1000Genomes,","-","                 Missense variant      ","Y/S","31","tolerated(0.38)","tolerated(0.38)","benign(0.003)","ENST00000360057"
"rs150306900","7:144463000","T/G","-","SNP","dbSNP","ESP,","-","                 Missense variant      ","N/H","30","tolerated(0.26)","tolerated(0.26)","benign(0.001)","ENST00000360057"
"rs549604070","7:144463038","A/C","0.000 (C)","SNP","dbSNP","1000Genomes,","-","                 Missense variant      ","L/W","17","tolerated(0.11)","tolerated(0.11)","possibly damaging(0.791)","ENST00000360057"
"COSM3879044","7:144150649","T/C","-","somatic_SNV","COSMIC","-","-","                 Missense variant      ","I/V","241","tolerated(0.21)","tolerated(0.21)","benign(0.001)","ENST00000360057"
"COSM1086950","7:144150652","C/T","-","somatic_SNV","COSMIC","-","-","                 Missense variant      ","A/T","240","deleterious(0.03)","deleterious(0.03)","benign(0.022)","ENST00000360057"
"COSM3923031","7:144150682","C/T","-","somatic_SNV","COSMIC","-","-","                 Missense variant      ","E/K","230","deleterious(0.05)","deleterious(0.05)","benign(0.026)","ENST00000360057"
"COSM3832204","7:144150700","A/C","-","somatic_SNV","COSMIC","-","-","                 Missense variant      ","S/A","224","tolerated(0.08)","tolerated(0.08)","benign(0.034)","ENST00000360057"
"COSM3259234","7:144150726","A/G","-","somatic_SNV","COSMIC","-","-","                 Missense variant      ","V/A","215","deleterious(0)","deleterious(0)","probably damaging(0.959)","ENST00000360057"
"COSM395371","7:144150733","T/A","-","somatic_SNV","COSMIC","-","-","                 Missense variant      ","T/S","213","tolerated(0.51)","tolerated(0.51)","benign(0.021)","ENST00000360057"
"COSM3635600","7:144150751","C/T","-","somatic_SNV","COSMIC","-","-","                 Missense variant      ","D/N","207","tolerated(0.4)","tolerated(0.4)","benign(0.002)","ENST00000360057"
"COSM3635601","7:144150751","C/T","-","somatic_SNV","COSMIC","-","-","                 Missense variant      ","D/N","207","tolerated(0.4)","tolerated(0.4)","benign(0.002)","ENST00000360057"
"COSM393765","7:144245584","T/A","-","somatic_SNV","COSMIC","-","-","                 Missense variant                              Splice region variant      ","T/S","205","tolerated(0.38)","tolerated(0.38)","benign(0.001)","ENST00000360057"
"COSM3995427","7:144245631","C/A","-","somatic_SNV","COSMIC","-","-","                 Missense variant      ","G/V","189","deleterious(0)","deleterious(0)","probably damaging(1)","ENST00000360057"
"COSM3995428","7:144245631","C/A","-","somatic_SNV","COSMIC","-","-","                 Missense variant      ","G/V","189","deleterious(0)","deleterious(0)","probably damaging(1)","ENST00000360057"
"COSM599667","7:144245644","G/T","-","somatic_SNV","COSMIC","-","-","                 Missense variant      ","L/I","185","deleterious(0)","deleterious(0)","probably damaging(1)","ENST00000360057"
"COSM599666","7:144245652","C/A","-","somatic_SNV","COSMIC","-","-","                 Missense variant      ","W/L","182","deleterious(0)","deleterious(0)","probably damaging(0.987)","ENST00000360057"
"COSM421557","7:144245674","C/T","-","somatic_SNV","COSMIC","-","-","                 Missense variant      ","D/N","175","tolerated(0.52)","tolerated(0.52)","benign(0.011)","ENST00000360057"
"COSM326737","7:144245685","C/A","-","somatic_SNV","COSMIC","-","-","                 Missense variant      ","R/M","171","deleterious(0.01)","deleterious(0.01)","benign(0.421)","ENST00000360057"
"COSM3259243","7:144245694","C/T","-","somatic_SNV","COSMIC","-","-","                 Missense variant                              Splice region variant      ","G/E","168","deleterious(0)","deleterious(0)","probably damaging(0.984)","ENST00000360057"
"COSM3635606","7:144245694","C/T","-","somatic_SNV","COSMIC","-","-","                 Missense variant                              Splice region variant      ","G/E","168","deleterious(0)","deleterious(0)","probably damaging(0.984)","ENST00000360057"
"COSM745071","7:144245695","C/T","-","somatic_SNV","COSMIC","-","-","                 Missense variant                              Splice region variant      ","G/R","168","deleterious(0)","deleterious(0)","possibly damaging(0.886)","ENST00000360057"
"COSM175775","7:144288524","G/T","-","somatic_SNV","COSMIC","-","-","                 Missense variant      ","L/I","165","deleterious(0.04)","deleterious(0.04)","probably damaging(0.926)","ENST00000360057"
"COSM76792","7:144288554","T/C","-","somatic_SNV","COSMIC","-","-","                 Missense variant      ","I/V","155","tolerated(0.72)","tolerated(0.72)","benign(0.007)","ENST00000360057"
"COSM398628","7:144288563","G/T","-","somatic_SNV","COSMIC","-","-","                 Missense variant      ","P/T","152","deleterious(0.03)","deleterious(0.03)","probably damaging(0.998)","ENST00000360057"
"COSM3923032","7:144288563","G/A","-","somatic_SNV","COSMIC","-","-","                 Missense variant      ","P/S","152","deleterious(0)","deleterious(0)","probably damaging(0.998)","ENST00000360057"
"COSM3923033","7:144288563","G/A","-","somatic_SNV","COSMIC","-","-","                 Missense variant      ","P/S","152","deleterious(0)","deleterious(0)","probably damaging(0.998)","ENST00000360057"
"COSM3635609","7:144288569","G/A","-","somatic_SNV","COSMIC","-","-","                 Missense variant      ","P/S","150","tolerated(0.41)","tolerated(0.41)","benign(0.001)","ENST00000360057"
"COSM3635610","7:144288569","G/A","-","somatic_SNV","COSMIC","-","-","                 Missense variant      ","P/S","150","tolerated(0.41)","tolerated(0.41)","benign(0.001)","ENST00000360057"
"COSM4153940","7:144288597","A/T","-","somatic_SNV","COSMIC","-","-","                 Missense variant      ","N/K","140","tolerated(0.05)","tolerated(0.05)","possibly damaging(0.57)","ENST00000360057"
"COSM4153941","7:144288597","A/T","-","somatic_SNV","COSMIC","-","-","                 Missense variant      ","N/K","140","tolerated(0.05)","tolerated(0.05)","possibly damaging(0.57)","ENST00000360057"
"COSM1230145","7:144288612","A/C","-","somatic_SNV","COSMIC","-","-","                 Missense variant      ","I/M","135","tolerated(0.2)","tolerated(0.2)","benign(0.148)","ENST00000360057"
"COSM1548803","7:144288620","C/G","-","somatic_SNV","COSMIC","-","-","                 Missense variant      ","D/H","133","deleterious(0)","deleterious(0)","probably damaging(1)","ENST00000360057"
"COSM1086951","7:144320267","C/A","-","somatic_SNV","COSMIC","-","-","                 Missense variant      ","D/Y","116","deleterious(0.01)","deleterious(0.01)","benign(0.079)","ENST00000360057"
"COSM175974","7:144320270","T/G","-","somatic_SNV","COSMIC","-","-","                 Missense variant      ","K/Q","115","tolerated(0.28)","tolerated(0.28)","benign(0.002)","ENST00000360057"
"COSM3879045","7:144320278","A/G","-","somatic_SNV","COSMIC","-","-","                 Missense variant      ","I/T","112","tolerated(0.12)","tolerated(0.12)","possibly damaging(0.732)","ENST00000360057"
"COSM599665","7:144320281","T/A","-","somatic_SNV","COSMIC","-","-","                 Missense variant      ","K/M","111","deleterious(0.01)","deleterious(0.01)","possibly damaging(0.896)","ENST00000360057"
"COSM1268396","7:144320283","C/G","-","somatic_SNV","COSMIC","-","-","                 Missense variant      ","K/N","110","tolerated(0.19)","tolerated(0.19)","benign(0.006)","ENST00000360057"
"COSM745070","7:144320288","G/T","-","somatic_SNV","COSMIC","-","-","                 Missense variant      ","Q/K","109","tolerated(0.51)","tolerated(0.51)","possibly damaging(0.462)","ENST00000360057"
"COSM78689","7:144320302","C/T","-","somatic_SNV","COSMIC","-","-","                 Missense variant      ","C/Y","104","deleterious(0)","deleterious(0)","probably damaging(0.997)","ENST00000360057"
"COSM1448894","7:144320303","A/G","-","somatic_SNV","COSMIC","-","-","                 Missense variant      ","C/R","104","deleterious(0)","deleterious(0)","probably damaging(0.996)","ENST00000360057"
"COSM452556","7:144320315","C/T","-","somatic_SNV","COSMIC","-","-","                 Missense variant      ","D/N","100","deleterious(0)","deleterious(0)","probably damaging(0.999)","ENST00000360057"
"COSM3635613","7:144320338","G/A","-","somatic_SNV","COSMIC","-","-","                 Missense variant      ","S/L","92","tolerated(0.17)","tolerated(0.17)","benign(0.003)","ENST00000360057"
"COSM1548802","7:144345917","C/G","-","somatic_SNV","COSMIC","-","-","                 Missense variant      ","E/Q","81","tolerated(0.11)","tolerated(0.11)","benign(0.041)","ENST00000360057"
"COSM745069","7:144345919","C/A","-","somatic_SNV","COSMIC","-","-","                 Missense variant      ","R/I","80","tolerated(0.42)","tolerated(0.42)","benign(0.028)","ENST00000360057"
"COSM1568554","7:144345964","G/A","-","somatic_SNV","COSMIC","-","-","                 Missense variant      ","P/L","65","deleterious(0)","deleterious(0)","probably damaging(1)","ENST00000360057"
"COSM745068","7:144380014","C/A","-","somatic_SNV","COSMIC","-","-","                 Missense variant      ","G/V","58","deleterious(0.03)","deleterious(0.03)","possibly damaging(0.817)","ENST00000360057"
"COSM3635614","7:144380014","C/T","-","somatic_SNV","COSMIC","-","-","                 Missense variant      ","G/E","58","tolerated(0.11)","tolerated(0.11)","benign(0.19)","ENST00000360057"
"COSM745067","7:144380018","C/G","-","somatic_SNV","COSMIC","-","-","                 Missense variant      ","E/Q","57","tolerated(0.4)","tolerated(0.4)","benign(0.049)","ENST00000360057"
"COSM167083","7:144380018","C/T","-","somatic_SNV","COSMIC","-","-","                 Missense variant      ","E/K","57","tolerated(0.58)","tolerated(0.58)","benign(0.033)","ENST00000360057"
"COSM360369","7:144380045","C/A","-","somatic_SNV","COSMIC","-","-","                 Missense variant      ","G/C","48","deleterious(0)","deleterious(0)","probably damaging(0.999)","ENST00000360057"
"COSM1086952","7:144462991","G/A","-","somatic_SNV","COSMIC","-","-","                 Missense variant      ","R/C","33","tolerated(0.12)","tolerated(0.12)","possibly damaging(0.898)","ENST00000360057"
"COSM370604","7:144463003","C/A","-","somatic_SNV","COSMIC","-","-","                 Missense variant      ","D/Y","29","deleterious(0)","deleterious(0)","probably damaging(0.975)","ENST00000360057"
"COSM1448895","7:144463037","C/G","-","somatic_SNV","COSMIC","-","-","                 Missense variant      ","L/F","17","tolerated(0.4)","tolerated(0.4)","benign(0.199)","ENST00000360057"
"COSM3942106","7:144532655","G/A","-","somatic_SNV","COSMIC","-","-","                 Missense variant                              Splice region variant      ","T/I","14","tolerated(0.25)","tolerated(0.25)","benign(0.001)","ENST00000360057"
"COSM3366839","7:144532676","G/A","-","somatic_SNV","COSMIC","-","-","                 Missense variant      ","P/L","7","deleterious(0)","deleterious(0)","probably damaging(0.994)","ENST00000360057"
"rs531988280","7:144304141","C/A","-","SNP","dbSNP","-","-","                 Missense variant                              Splice region variant                              NMD transcript variant      ","K/N","119","tolerated - low confidence(0.29)","tolerated - low confidence(0.29)","unknown(0)","ENST00000378098"
"rs186564802","7:144320287","T/A","-","SNP","dbSNP","1000Genomes,","-","                 Missense variant                              NMD transcript variant      ","Q/L","109","tolerated(0.27)","tolerated(0.27)","unknown(0)","ENST00000378098"
"rs145863885","7:144345928","G/A","-","SNP","dbSNP","ESP,","-","                 Missense variant                              NMD transcript variant      ","P/L","77","deleterious(0.01)","deleterious(0.01)","probably damaging(0.927)","ENST00000378098"
"rs200717734","7:144380018","C/T","0.000 (T)","SNP","dbSNP","1000Genomes,ESP,Multiple_observations,","-","                 Missense variant                              NMD transcript variant      ","E/K","57","tolerated(0.34)","tolerated(0.34)","benign(0.026)","ENST00000378098"
"rs373745325","7:144380023","A/G","-","SNP","dbSNP","ESP,","-","                 Missense variant                              NMD transcript variant      ","I/T","55","tolerated(0.11)","tolerated(0.11)","benign(0.021)","ENST00000378098"
"rs201086987","7:144380030","A/G","-","SNP","dbSNP","-","-","                 Missense variant                              NMD transcript variant      ","Y/H","53","tolerated(0.12)","tolerated(0.12)","benign(0.261)","ENST00000378098"
"rs202038293","7:144380035","C/T","0.000 (T)","SNP","dbSNP","1000Genomes,Multiple_observations,","-","                 Missense variant                              NMD transcript variant      ","R/H","51","tolerated(0.41)","tolerated(0.41)","benign(0.01)","ENST00000378098"
"rs387906935","7:144380039","T/G","-","SNP","dbSNP","-","pathogenic,","                 Missense variant                              NMD transcript variant      ","N/H","50","deleterious(0)","deleterious(0)","probably damaging(0.999)","ENST00000378098"
"rs551699564","7:144380051","C/T","-","SNP","dbSNP","-","-","                 Missense variant                              NMD transcript variant      ","D/N","46","deleterious(0)","deleterious(0)","probably damaging(0.999)","ENST00000378098"
"rs387906936","7:144380068","A/G","-","SNP","dbSNP","-","pathogenic,","                 Missense variant                              NMD transcript variant      ","L/P","40","tolerated(0.08)","tolerated(0.08)","possibly damaging(0.76)","ENST00000378098"
"rs77358162","7:144462990","C/T","0.002 (T)","SNP","dbSNP","1000Genomes,ESP,Multiple_observations,","benign,","                 Missense variant                              NMD transcript variant      ","R/H","33","tolerated(0.92)","tolerated(0.92)","benign(0)","ENST00000378098"
"rs368467309","7:144462991","G/A","-","SNP","dbSNP","ESP,","-","                 Missense variant                              NMD transcript variant      ","R/C","33","tolerated(0.17)","tolerated(0.17)","possibly damaging(0.509)","ENST00000378098"
"rs531486319","7:144462996","T/G","0.000 (G)","SNP","dbSNP","1000Genomes,","-","                 Missense variant                              NMD transcript variant      ","Y/S","31","tolerated(0.35)","tolerated(0.35)","benign(0.01)","ENST00000378098"
"rs150306900","7:144463000","T/G","-","SNP","dbSNP","ESP,","-","                 Missense variant                              NMD transcript variant      ","N/H","30","tolerated(0.15)","tolerated(0.15)","benign(0.002)","ENST00000378098"
"rs549604070","7:144463038","A/C","0.000 (C)","SNP","dbSNP","1000Genomes,","-","                 Missense variant                              NMD transcript variant      ","L/W","17","deleterious(0.02)","deleterious(0.02)","probably damaging(0.971)","ENST00000378098"
"COSM1086951","7:144320267","C/A","-","somatic_SNV","COSMIC","-","-","                 Missense variant                              NMD transcript variant      ","D/Y","116","deleterious(0.02)","deleterious(0.02)","unknown(0)","ENST00000378098"
"COSM175974","7:144320270","T/G","-","somatic_SNV","COSMIC","-","-","                 Missense variant                              NMD transcript variant      ","K/Q","115","tolerated(0.23)","tolerated(0.23)","unknown(0)","ENST00000378098"
"COSM3879045","7:144320278","A/G","-","somatic_SNV","COSMIC","-","-","                 Missense variant                              NMD transcript variant      ","I/T","112","deleterious(0.05)","deleterious(0.05)","unknown(0)","ENST00000378098"
"COSM599665","7:144320281","T/A","-","somatic_SNV","COSMIC","-","-","                 Missense variant                              NMD transcript variant      ","K/M","111","deleterious(0)","deleterious(0)","unknown(0)","ENST00000378098"
"COSM1268396","7:144320283","C/G","-","somatic_SNV","COSMIC","-","-","                 Missense variant                              NMD transcript variant      ","K/N","110","tolerated(0.07)","tolerated(0.07)","unknown(0)","ENST00000378098"
"COSM745070","7:144320288","G/T","-","somatic_SNV","COSMIC","-","-","                 Missense variant                              NMD transcript variant      ","Q/K","109","tolerated(1)","tolerated(1)","unknown(0)","ENST00000378098"
"COSM78689","7:144320302","C/T","-","somatic_SNV","COSMIC","-","-","                 Missense variant                              NMD transcript variant      ","C/Y","104","deleterious(0)","deleterious(0)","probably damaging(0.998)","ENST00000378098"
"COSM1448894","7:144320303","A/G","-","somatic_SNV","COSMIC","-","-","                 Missense variant                              NMD transcript variant      ","C/R","104","deleterious(0)","deleterious(0)","probably damaging(0.998)","ENST00000378098"
"COSM452556","7:144320315","C/T","-","somatic_SNV","COSMIC","-","-","                 Missense variant                              NMD transcript variant      ","D/N","100","deleterious(0)","deleterious(0)","probably damaging(1)","ENST00000378098"
"COSM3635613","7:144320338","G/A","-","somatic_SNV","COSMIC","-","-","                 Missense variant                              NMD transcript variant      ","S/L","92","tolerated(0.09)","tolerated(0.09)","benign(0.003)","ENST00000378098"
"COSM1548802","7:144345917","C/G","-","somatic_SNV","COSMIC","-","-","                 Missense variant                              NMD transcript variant      ","E/Q","81","deleterious(0.04)","deleterious(0.04)","benign(0.161)","ENST00000378098"
"COSM745069","7:144345919","C/A","-","somatic_SNV","COSMIC","-","-","                 Missense variant                              NMD transcript variant      ","R/I","80","tolerated(0.06)","tolerated(0.06)","benign(0.027)","ENST00000378098"
"COSM1568554","7:144345964","G/A","-","somatic_SNV","COSMIC","-","-","                 Missense variant                              NMD transcript variant      ","P/L","65","deleterious(0)","deleterious(0)","probably damaging(1)","ENST00000378098"
"COSM745068","7:144380014","C/A","-","somatic_SNV","COSMIC","-","-","                 Missense variant                              NMD transcript variant      ","G/V","58","deleterious(0.02)","deleterious(0.02)","possibly damaging(0.574)","ENST00000378098"
"COSM3635614","7:144380014","C/T","-","somatic_SNV","COSMIC","-","-","                 Missense variant                              NMD transcript variant      ","G/E","58","deleterious(0.04)","deleterious(0.04)","benign(0.066)","ENST00000378098"
"COSM745067","7:144380018","C/G","-","somatic_SNV","COSMIC","-","-","                 Missense variant                              NMD transcript variant      ","E/Q","57","tolerated(0.18)","tolerated(0.18)","benign(0.039)","ENST00000378098"
"COSM167083","7:144380018","C/T","-","somatic_SNV","COSMIC","-","-","                 Missense variant                              NMD transcript variant      ","E/K","57","tolerated(0.34)","tolerated(0.34)","benign(0.026)","ENST00000378098"
"COSM360369","7:144380045","C/A","-","somatic_SNV","COSMIC","-","-","                 Missense variant                              NMD transcript variant      ","G/C","48","deleterious(0)","deleterious(0)","probably damaging(1)","ENST00000378098"
"COSM1086952","7:144462991","G/A","-","somatic_SNV","COSMIC","-","-","                 Missense variant                              NMD transcript variant      ","R/C","33","tolerated(0.17)","tolerated(0.17)","possibly damaging(0.509)","ENST00000378098"
"COSM370604","7:144463003","C/A","-","somatic_SNV","COSMIC","-","-","                 Missense variant                              NMD transcript variant      ","D/Y","29","deleterious(0)","deleterious(0)","possibly damaging(0.801)","ENST00000378098"
"COSM1448895","7:144463037","C/G","-","somatic_SNV","COSMIC","-","-","                 Missense variant                              NMD transcript variant      ","L/F","17","tolerated(0.09)","tolerated(0.09)","possibly damaging(0.753)","ENST00000378098"
"COSM3942106","7:144532655","G/A","-","somatic_SNV","COSMIC","-","-","                 Missense variant                              Splice region variant                              NMD transcript variant      ","T/I","14","tolerated(0.27)","tolerated(0.27)","benign(0.001)","ENST00000378098"
"COSM3366839","7:144532676","G/A","-","somatic_SNV","COSMIC","-","-","                 Missense variant                              NMD transcript variant      ","P/L","7","deleterious(0.02)","deleterious(0.02)","probably damaging(0.978)","ENST00000378098"
"rs550639617","7:144150693","A/T","0.000 (T)","SNP","dbSNP","1000Genomes,","-","                 Missense variant      ","V/D","177","tolerated(0.17)","tolerated(0.17)","benign(0.029)","ENST00000378099"
"rs568804217","7:144150703","C/A","0.000 (A)","SNP","dbSNP","1000Genomes,","-","                 Missense variant      ","G/W","174","deleterious(0)","deleterious(0)","probably damaging(0.978)","ENST00000378099"
"rs368458768","7:144150706","C/T","-","SNP","dbSNP","ESP,","-","                 Missense variant      ","D/N","173","deleterious(0.01)","deleterious(0.01)","possibly damaging(0.481)","ENST00000378099"
"rs371271054","7:144150714","T/C","-","SNP","dbSNP","ESP,Multiple_observations,","pathogenic,","                 Missense variant      ","N/S","170","deleterious(0)","deleterious(0)","probably damaging(1)","ENST00000378099"
"rs367833269","7:144245584","T/C","-","SNP","dbSNP","ESP,","-","                 Missense variant                              Splice region variant      ","T/A","156","tolerated(0.28)","tolerated(0.28)","benign(0.209)","ENST00000378099"
"rs552035224","7:144245623","A/G","0.000 (G)","SNP","dbSNP","1000Genomes,","-","                 Missense variant      ","C/R","143","deleterious(0)","deleterious(0)","probably damaging(0.997)","ENST00000378099"
"rs371701702","7:144245687","G/C","-","SNP","dbSNP","ESP,","-","                 Missense variant      ","H/Q","121","deleterious(0)","deleterious(0)","probably damaging(0.945)","ENST00000378099"
"rs186564802","7:144320287","T/A","-","SNP","dbSNP","1000Genomes,","-","                 Missense variant      ","Q/L","109","tolerated(0.4)","tolerated(0.4)","benign(0.003)","ENST00000378099"
"rs145863885","7:144345928","G/A","-","SNP","dbSNP","ESP,","-","                 Missense variant      ","P/L","77","deleterious(0.01)","deleterious(0.01)","possibly damaging(0.743)","ENST00000378099"
"rs200717734","7:144380018","C/T","0.000 (T)","SNP","dbSNP","1000Genomes,ESP,Multiple_observations,","-","                 Missense variant      ","E/K","57","tolerated(0.64)","tolerated(0.64)","benign(0.01)","ENST00000378099"
"rs373745325","7:144380023","A/G","-","SNP","dbSNP","ESP,","-","                 Missense variant      ","I/T","55","tolerated(0.59)","tolerated(0.59)","benign(0.003)","ENST00000378099"
"rs201086987","7:144380030","A/G","-","SNP","dbSNP","-","-","                 Missense variant      ","Y/H","53","tolerated(0.17)","tolerated(0.17)","benign(0.036)","ENST00000378099"
"rs202038293","7:144380035","C/T","0.000 (T)","SNP","dbSNP","1000Genomes,Multiple_observations,","-","                 Missense variant      ","R/H","51","tolerated(0.25)","tolerated(0.25)","benign(0.008)","ENST00000378099"
"rs387906935","7:144380039","T/G","-","SNP","dbSNP","-","pathogenic,","                 Missense variant      ","N/H","50","deleterious(0)","deleterious(0)","probably damaging(0.996)","ENST00000378099"
"rs551699564","7:144380051","C/T","-","SNP","dbSNP","-","-","                 Missense variant      ","D/N","46","deleterious(0)","deleterious(0)","probably damaging(0.999)","ENST00000378099"
"rs387906936","7:144380068","A/G","-","SNP","dbSNP","-","pathogenic,","                 Missense variant      ","L/P","40","tolerated(0.3)","tolerated(0.3)","possibly damaging(0.789)","ENST00000378099"
"rs77358162","7:144462990","C/T","0.002 (T)","SNP","dbSNP","1000Genomes,ESP,Multiple_observations,","benign,","                 Missense variant      ","R/H","33","tolerated(0.76)","tolerated(0.76)","benign(0.001)","ENST00000378099"
"rs368467309","7:144462991","G/A","-","SNP","dbSNP","ESP,","-","                 Missense variant      ","R/C","33","tolerated(0.21)","tolerated(0.21)","possibly damaging(0.663)","ENST00000378099"
"rs531486319","7:144462996","T/G","0.000 (G)","SNP","dbSNP","1000Genomes,","-","                 Missense variant      ","Y/S","31","tolerated(0.12)","tolerated(0.12)","benign(0.002)","ENST00000378099"
"rs150306900","7:144463000","T/G","-","SNP","dbSNP","ESP,","-","                 Missense variant      ","N/H","30","tolerated(0.14)","tolerated(0.14)","benign(0.002)","ENST00000378099"
"rs549604070","7:144463038","A/C","0.000 (C)","SNP","dbSNP","1000Genomes,","-","                 Missense variant      ","L/W","17","tolerated(0.06)","tolerated(0.06)","probably damaging(0.96)","ENST00000378099"
"COSM3879044","7:144150649","T/C","-","somatic_SNV","COSMIC","-","-","                 Missense variant      ","I/V","192","tolerated(0.17)","tolerated(0.17)","benign(0.019)","ENST00000378099"
"COSM1086950","7:144150652","C/T","-","somatic_SNV","COSMIC","-","-","                 Missense variant      ","A/T","191","tolerated(0.12)","tolerated(0.12)","benign(0.029)","ENST00000378099"
"COSM3923031","7:144150682","C/T","-","somatic_SNV","COSMIC","-","-","                 Missense variant      ","E/K","181","tolerated(0.1)","tolerated(0.1)","benign(0.018)","ENST00000378099"
"COSM3832204","7:144150700","A/C","-","somatic_SNV","COSMIC","-","-","                 Missense variant      ","S/A","175","tolerated(0.14)","tolerated(0.14)","benign(0.053)","ENST00000378099"
"COSM3259234","7:144150726","A/G","-","somatic_SNV","COSMIC","-","-","                 Missense variant      ","V/A","166","deleterious(0)","deleterious(0)","probably damaging(0.933)","ENST00000378099"
"COSM395371","7:144150733","T/A","-","somatic_SNV","COSMIC","-","-","                 Missense variant      ","T/S","164","tolerated(0.73)","tolerated(0.73)","benign(0.087)","ENST00000378099"
"COSM3635600","7:144150751","C/T","-","somatic_SNV","COSMIC","-","-","                 Missense variant      ","D/N","158","tolerated(0.51)","tolerated(0.51)","benign(0.003)","ENST00000378099"
"COSM3635601","7:144150751","C/T","-","somatic_SNV","COSMIC","-","-","                 Missense variant      ","D/N","158","tolerated(0.51)","tolerated(0.51)","benign(0.003)","ENST00000378099"
"COSM393765","7:144245584","T/A","-","somatic_SNV","COSMIC","-","-","                 Missense variant                              Splice region variant      ","T/S","156","tolerated(0.42)","tolerated(0.42)","benign(0.037)","ENST00000378099"
"COSM3995427","7:144245631","C/A","-","somatic_SNV","COSMIC","-","-","                 Missense variant      ","G/V","140","deleterious(0)","deleterious(0)","probably damaging(0.999)","ENST00000378099"
"COSM3995428","7:144245631","C/A","-","somatic_SNV","COSMIC","-","-","                 Missense variant      ","G/V","140","deleterious(0)","deleterious(0)","probably damaging(0.999)","ENST00000378099"
"COSM599667","7:144245644","G/T","-","somatic_SNV","COSMIC","-","-","                 Missense variant      ","L/I","136","deleterious(0)","deleterious(0)","probably damaging(1)","ENST00000378099"
"COSM599666","7:144245652","C/A","-","somatic_SNV","COSMIC","-","-","                 Missense variant      ","W/L","133","deleterious(0.01)","deleterious(0.01)","probably damaging(0.948)","ENST00000378099"
"COSM421557","7:144245674","C/T","-","somatic_SNV","COSMIC","-","-","                 Missense variant      ","D/N","126","tolerated(0.41)","tolerated(0.41)","benign(0.045)","ENST00000378099"
"COSM326737","7:144245685","C/A","-","somatic_SNV","COSMIC","-","-","                 Missense variant      ","R/M","122","deleterious(0.01)","deleterious(0.01)","possibly damaging(0.521)","ENST00000378099"
"COSM3259243","7:144245694","C/T","-","somatic_SNV","COSMIC","-","-","                 Missense variant                              Splice region variant      ","G/E","119","deleterious(0)","deleterious(0)","probably damaging(0.99)","ENST00000378099"
"COSM3635606","7:144245694","C/T","-","somatic_SNV","COSMIC","-","-","                 Missense variant                              Splice region variant      ","G/E","119","deleterious(0)","deleterious(0)","probably damaging(0.99)","ENST00000378099"
"COSM745071","7:144245695","C/T","-","somatic_SNV","COSMIC","-","-","                 Missense variant                              Splice region variant      ","G/R","119","deleterious(0.01)","deleterious(0.01)","possibly damaging(0.742)","ENST00000378099"
"COSM1086951","7:144320267","C/A","-","somatic_SNV","COSMIC","-","-","                 Missense variant      ","D/Y","116","deleterious(0.01)","deleterious(0.01)","benign(0.121)","ENST00000378099"
"COSM175974","7:144320270","T/G","-","somatic_SNV","COSMIC","-","-","                 Missense variant      ","K/Q","115","tolerated(0.37)","tolerated(0.37)","benign(0.034)","ENST00000378099"
"COSM3879045","7:144320278","A/G","-","somatic_SNV","COSMIC","-","-","                 Missense variant      ","I/T","112","tolerated(0.22)","tolerated(0.22)","benign(0.167)","ENST00000378099"
"COSM599665","7:144320281","T/A","-","somatic_SNV","COSMIC","-","-","                 Missense variant      ","K/M","111","deleterious(0.03)","deleterious(0.03)","benign(0.381)","ENST00000378099"
"COSM1268396","7:144320283","C/G","-","somatic_SNV","COSMIC","-","-","                 Missense variant      ","K/N","110","tolerated(0.22)","tolerated(0.22)","benign(0.003)","ENST00000378099"
"COSM745070","7:144320288","G/T","-","somatic_SNV","COSMIC","-","-","                 Missense variant      ","Q/K","109","tolerated(0.92)","tolerated(0.92)","benign(0.395)","ENST00000378099"
"COSM78689","7:144320302","C/T","-","somatic_SNV","COSMIC","-","-","                 Missense variant      ","C/Y","104","deleterious(0)","deleterious(0)","probably damaging(0.992)","ENST00000378099"
"COSM1448894","7:144320303","A/G","-","somatic_SNV","COSMIC","-","-","                 Missense variant      ","C/R","104","deleterious(0)","deleterious(0)","probably damaging(0.988)","ENST00000378099"
"COSM452556","7:144320315","C/T","-","somatic_SNV","COSMIC","-","-","                 Missense variant      ","D/N","100","deleterious(0)","deleterious(0)","probably damaging(0.998)","ENST00000378099"
"COSM3635613","7:144320338","G/A","-","somatic_SNV","COSMIC","-","-","                 Missense variant      ","S/L","92","tolerated(0.06)","tolerated(0.06)","benign(0.005)","ENST00000378099"
"COSM1548802","7:144345917","C/G","-","somatic_SNV","COSMIC","-","-","                 Missense variant      ","E/Q","81","tolerated(0.09)","tolerated(0.09)","benign(0.087)","ENST00000378099"
"COSM745069","7:144345919","C/A","-","somatic_SNV","COSMIC","-","-","                 Missense variant      ","R/I","80","tolerated(0.36)","tolerated(0.36)","benign(0.139)","ENST00000378099"
"COSM1568554","7:144345964","G/A","-","somatic_SNV","COSMIC","-","-","                 Missense variant      ","P/L","65","deleterious(0)","deleterious(0)","probably damaging(0.996)","ENST00000378099"
"COSM745068","7:144380014","C/A","-","somatic_SNV","COSMIC","-","-","                 Missense variant      ","G/V","58","deleterious(0.03)","deleterious(0.03)","possibly damaging(0.586)","ENST00000378099"
"COSM3635614","7:144380014","C/T","-","somatic_SNV","COSMIC","-","-","                 Missense variant      ","G/E","58","tolerated(0.12)","tolerated(0.12)","benign(0.069)","ENST00000378099"
"COSM745067","7:144380018","C/G","-","somatic_SNV","COSMIC","-","-","                 Missense variant      ","E/Q","57","tolerated(0.4)","tolerated(0.4)","benign(0.023)","ENST00000378099"
"COSM167083","7:144380018","C/T","-","somatic_SNV","COSMIC","-","-","                 Missense variant      ","E/K","57","tolerated(0.64)","tolerated(0.64)","benign(0.01)","ENST00000378099"
"COSM360369","7:144380045","C/A","-","somatic_SNV","COSMIC","-","-","                 Missense variant      ","G/C","48","deleterious(0)","deleterious(0)","probably damaging(0.999)","ENST00000378099"
"COSM1086952","7:144462991","G/A","-","somatic_SNV","COSMIC","-","-","                 Missense variant      ","R/C","33","tolerated(0.21)","tolerated(0.21)","possibly damaging(0.663)","ENST00000378099"
"COSM370604","7:144463003","C/A","-","somatic_SNV","COSMIC","-","-","                 Missense variant      ","D/Y","29","deleterious(0.03)","deleterious(0.03)","possibly damaging(0.885)","ENST00000378099"
"COSM1448895","7:144463037","C/G","-","somatic_SNV","COSMIC","-","-","                 Missense variant      ","L/F","17","tolerated(0.2)","tolerated(0.2)","possibly damaging(0.8)","ENST00000378099"
"COSM3942106","7:144532655","G/A","-","somatic_SNV","COSMIC","-","-","                 Missense variant                              Splice region variant      ","T/I","14","tolerated(0.17)","tolerated(0.17)","benign(0.005)","ENST00000378099"
"COSM3366839","7:144532676","G/A","-","somatic_SNV","COSMIC","-","-","                 Missense variant      ","P/L","7","tolerated(0.46)","tolerated(0.46)","possibly damaging(0.859)","ENST00000378099"
"rs57405539","7:144364829","C/T","0.065 (T)","SNP","dbSNP","1000Genomes,ESP,Multiple_observations,","-","                 Missense variant                              NMD transcript variant      ","R/Q","73","-","-","unknown(0)","ENST00000482940"
"rs557333272","7:144364871","G/A","-","SNP","dbSNP","-","-","                 Missense variant                              NMD transcript variant      ","P/L","59","-","-","unknown(0)","ENST00000482940"
"rs374701561","7:144364880","T/C","-","SNP","dbSNP","-","-","                 Missense variant                              NMD transcript variant      ","E/G","56","-","-","unknown(0)","ENST00000482940"
"rs374510029","7:144364939","G/T","-","SNP","dbSNP","ESP,","-","                 Missense variant                              Splice region variant                              NMD transcript variant      ","N/K","36","-","-","unknown(0)","ENST00000482940"
"rs370527936","7:144380019","G/A","-","SNP","dbSNP","ESP,","-","                 Missense variant                              NMD transcript variant      ","P/L","11","-","-","unknown(0)","ENST00000482940"
"rs373745325","7:144380023","A/G","-","SNP","dbSNP","ESP,","-","                 Missense variant                              NMD transcript variant      ","S/P","10","-","-","unknown(0)","ENST00000482940"
"rs202038293","7:144380035","C/T","0.000 (T)","SNP","dbSNP","1000Genomes,Multiple_observations,","-","                 Missense variant                              NMD transcript variant      ","A/T","6","-","-","unknown(0)","ENST00000482940"
"COSM3635614","7:144380014","C/T","-","somatic_SNV","COSMIC","-","-","                 Missense variant                              NMD transcript variant      ","E/K","13","-","-","unknown(0)","ENST00000482940"
"COSM1548801","7:144380019","G/T","-","somatic_SNV","COSMIC","-","-","                 Missense variant                              NMD transcript variant      ","P/Q","11","-","-","unknown(0)","ENST00000482940"
"COSM360369","7:144380045","C/A","-","somatic_SNV","COSMIC","-","-","                 Missense variant                              NMD transcript variant      ","E/D","2","-","-","unknown(0)","ENST00000482940"
"rs142178442","7:144345927","A/T","-","SNP","dbSNP","ESP,","-","                 Missense variant                              NMD transcript variant      ","L/Q","32","-","-","unknown(0)","ENST00000489798"
"rs190902373","7:144345930","C/T","0.000 (T)","SNP","dbSNP","1000Genomes,","-","                 Missense variant                              NMD transcript variant      ","G/D","31","-","-","unknown(0)","ENST00000489798"
"rs370527936","7:144380019","G/A","-","SNP","dbSNP","ESP,","-","                 Missense variant                              NMD transcript variant      ","P/L","11","-","-","unknown(0)","ENST00000489798"
"rs373745325","7:144380023","A/G","-","SNP","dbSNP","ESP,","-","                 Missense variant                              NMD transcript variant      ","S/P","10","-","-","unknown(0)","ENST00000489798"
"rs202038293","7:144380035","C/T","0.000 (T)","SNP","dbSNP","1000Genomes,Multiple_observations,","-","                 Missense variant                              NMD transcript variant      ","A/T","6","-","-","unknown(0)","ENST00000489798"
"COSM1548802","7:144345917","C/G","-","somatic_SNV","COSMIC","-","-","                 Missense variant                              NMD transcript variant      ","E/D","35","-","-","unknown(0)","ENST00000489798"
"COSM3635614","7:144380014","C/T","-","somatic_SNV","COSMIC","-","-","                 Missense variant                              NMD transcript variant      ","E/K","13","-","-","unknown(0)","ENST00000489798"
"COSM1548801","7:144380019","G/T","-","somatic_SNV","COSMIC","-","-","                 Missense variant                              NMD transcript variant      ","P/Q","11","-","-","unknown(0)","ENST00000489798"
"COSM360369","7:144380045","C/A","-","somatic_SNV","COSMIC","-","-","                 Missense variant                              NMD transcript variant      ","E/D","2","-","-","unknown(0)","ENST00000489798"
"rs550639617","7:144150693","A/T","0.000 (T)","SNP","dbSNP","1000Genomes,","-","                 Missense variant      ","V/D","172","tolerated(0.09)","tolerated(0.09)","benign(0.056)","ENST00000538212"
"rs568804217","7:144150703","C/A","0.000 (A)","SNP","dbSNP","1000Genomes,","-","                 Missense variant      ","G/W","169","deleterious(0)","deleterious(0)","probably damaging(0.996)","ENST00000538212"
"rs368458768","7:144150706","C/T","-","SNP","dbSNP","ESP,","-","                 Missense variant      ","D/N","168","deleterious(0.04)","deleterious(0.04)","probably damaging(0.989)","ENST00000538212"
"rs371271054","7:144150714","T/C","-","SNP","dbSNP","ESP,Multiple_observations,","pathogenic,","                 Missense variant      ","N/S","165","deleterious(0)","deleterious(0)","probably damaging(0.999)","ENST00000538212"
"rs367833269","7:144245584","T/C","-","SNP","dbSNP","ESP,","-","                 Missense variant                              Splice region variant      ","T/A","151","tolerated(0.62)","tolerated(0.62)","benign(0.403)","ENST00000538212"
"rs552035224","7:144245623","A/G","0.000 (G)","SNP","dbSNP","1000Genomes,","-","                 Missense variant      ","C/R","138","deleterious(0)","deleterious(0)","probably damaging(0.998)","ENST00000538212"
"rs371701702","7:144245687","G/C","-","SNP","dbSNP","ESP,","-","                 Missense variant      ","H/Q","116","deleterious(0)","deleterious(0)","probably damaging(0.985)","ENST00000538212"
"rs186564802","7:144320287","T/A","-","SNP","dbSNP","1000Genomes,","-","                 Missense variant      ","Q/L","104","tolerated(0.51)","tolerated(0.51)","benign(0.028)","ENST00000538212"
"rs145863885","7:144345928","G/A","-","SNP","dbSNP","ESP,","-","                 Missense variant      ","P/L","72","deleterious(0.03)","deleterious(0.03)","probably damaging(0.975)","ENST00000538212"
"rs57405539","7:144364829","C/T","0.065 (T)","SNP","dbSNP","1000Genomes,ESP,Multiple_observations,","-","                 Missense variant      ","G/R","54","deleterious(0.05)","deleterious(0.05)","benign(0.004)","ENST00000538212"
"rs560554458","7:144364852","T/C","0.000 (C)","SNP","dbSNP","1000Genomes,","-","                 Missense variant      ","K/R","46","tolerated(0.26)","tolerated(0.26)","benign(0.276)","ENST00000538212"
"rs376564438","7:144364864","C/T","-","SNP","dbSNP","ESP,","-","                 Missense variant      ","C/Y","42","deleterious - low confidence(0.04)","deleterious - low confidence(0.04)","benign(0.19)","ENST00000538212"
"rs557333272","7:144364871","G/A","-","SNP","dbSNP","-","-","                 Missense variant      ","H/Y","40","tolerated - low confidence(0.57)","tolerated - low confidence(0.57)","benign(0.1)","ENST00000538212"
"rs374701561","7:144364880","T/C","-","SNP","dbSNP","-","-","                 Missense variant      ","K/E","37","tolerated - low confidence(0.79)","tolerated - low confidence(0.79)","benign(0.1)","ENST00000538212"
"rs374510029","7:144364939","G/T","-","SNP","dbSNP","ESP,","-","                 Missense variant                              Splice region variant      ","A/D","17","deleterious - low confidence(0.01)","deleterious - low confidence(0.01)","benign(0.017)","ENST00000538212"
"rs370527936","7:144380019","G/A","-","SNP","dbSNP","ESP,","-","                 Missense variant      ","P/L","11","deleterious - low confidence(0)","deleterious - low confidence(0)","benign(0.001)","ENST00000538212"
"rs373745325","7:144380023","A/G","-","SNP","dbSNP","ESP,","-","                 Missense variant      ","S/P","10","deleterious - low confidence(0)","deleterious - low confidence(0)","benign(0.011)","ENST00000538212"
"rs202038293","7:144380035","C/T","0.000 (T)","SNP","dbSNP","1000Genomes,Multiple_observations,","-","                 Missense variant      ","A/T","6","deleterious - low confidence(0)","deleterious - low confidence(0)","unknown(0)","ENST00000538212"
"COSM3879044","7:144150649","T/C","-","somatic_SNV","COSMIC","-","-","                 Missense variant      ","I/V","187","tolerated(0.14)","tolerated(0.14)","benign(0.058)","ENST00000538212"
"COSM1086950","7:144150652","C/T","-","somatic_SNV","COSMIC","-","-","                 Missense variant      ","A/T","186","tolerated(0.11)","tolerated(0.11)","benign(0.067)","ENST00000538212"
"COSM3923031","7:144150682","C/T","-","somatic_SNV","COSMIC","-","-","                 Missense variant      ","E/K","176","tolerated(0.15)","tolerated(0.15)","benign(0.135)","ENST00000538212"
"COSM3832204","7:144150700","A/C","-","somatic_SNV","COSMIC","-","-","                 Missense variant      ","S/A","170","tolerated(0.05)","tolerated(0.05)","possibly damaging(0.53)","ENST00000538212"
"COSM3259234","7:144150726","A/G","-","somatic_SNV","COSMIC","-","-","                 Missense variant      ","V/A","161","deleterious(0)","deleterious(0)","probably damaging(0.968)","ENST00000538212"
"COSM395371","7:144150733","T/A","-","somatic_SNV","COSMIC","-","-","                 Missense variant      ","T/S","159","tolerated(0.72)","tolerated(0.72)","possibly damaging(0.696)","ENST00000538212"
"COSM3635600","7:144150751","C/T","-","somatic_SNV","COSMIC","-","-","                 Missense variant      ","D/N","153","tolerated(0.31)","tolerated(0.31)","benign(0.034)","ENST00000538212"
"COSM3635601","7:144150751","C/T","-","somatic_SNV","COSMIC","-","-","                 Missense variant      ","D/N","153","tolerated(0.31)","tolerated(0.31)","benign(0.034)","ENST00000538212"
"COSM393765","7:144245584","T/A","-","somatic_SNV","COSMIC","-","-","                 Missense variant                              Splice region variant      ","T/S","151","tolerated(0.8)","tolerated(0.8)","benign(0.088)","ENST00000538212"
"COSM3995427","7:144245631","C/A","-","somatic_SNV","COSMIC","-","-","                 Missense variant      ","G/V","135","deleterious(0)","deleterious(0)","probably damaging(1)","ENST00000538212"
"COSM3995428","7:144245631","C/A","-","somatic_SNV","COSMIC","-","-","                 Missense variant      ","G/V","135","deleterious(0)","deleterious(0)","probably damaging(1)","ENST00000538212"
"COSM599667","7:144245644","G/T","-","somatic_SNV","COSMIC","-","-","                 Missense variant      ","L/I","131","deleterious(0.03)","deleterious(0.03)","probably damaging(0.999)","ENST00000538212"
"COSM599666","7:144245652","C/A","-","somatic_SNV","COSMIC","-","-","                 Missense variant      ","W/L","128","deleterious(0)","deleterious(0)","probably damaging(0.992)","ENST00000538212"
"COSM421557","7:144245674","C/T","-","somatic_SNV","COSMIC","-","-","                 Missense variant      ","D/N","121","tolerated(0.36)","tolerated(0.36)","benign(0.268)","ENST00000538212"
"COSM326737","7:144245685","C/A","-","somatic_SNV","COSMIC","-","-","                 Missense variant      ","R/M","117","deleterious(0.04)","deleterious(0.04)","probably damaging(0.917)","ENST00000538212"
"COSM3259243","7:144245694","C/T","-","somatic_SNV","COSMIC","-","-","                 Missense variant                              Splice region variant      ","G/E","114","deleterious(0.02)","deleterious(0.02)","probably damaging(0.994)","ENST00000538212"
"COSM3635606","7:144245694","C/T","-","somatic_SNV","COSMIC","-","-","                 Missense variant                              Splice region variant      ","G/E","114","deleterious(0.02)","deleterious(0.02)","probably damaging(0.994)","ENST00000538212"
"COSM745071","7:144245695","C/T","-","somatic_SNV","COSMIC","-","-","                 Missense variant                              Splice region variant      ","G/R","114","deleterious(0.01)","deleterious(0.01)","probably damaging(0.967)","ENST00000538212"
"COSM1086951","7:144320267","C/A","-","somatic_SNV","COSMIC","-","-","                 Missense variant      ","D/Y","111","deleterious(0.01)","deleterious(0.01)","possibly damaging(0.706)","ENST00000538212"
"COSM175974","7:144320270","T/G","-","somatic_SNV","COSMIC","-","-","                 Missense variant      ","K/Q","110","tolerated(0.13)","tolerated(0.13)","benign(0.145)","ENST00000538212"
"COSM3879045","7:144320278","A/G","-","somatic_SNV","COSMIC","-","-","                 Missense variant      ","I/T","107","tolerated(0.11)","tolerated(0.11)","possibly damaging(0.531)","ENST00000538212"
"COSM599665","7:144320281","T/A","-","somatic_SNV","COSMIC","-","-","                 Missense variant      ","K/M","106","deleterious(0.01)","deleterious(0.01)","probably damaging(0.986)","ENST00000538212"
"COSM1268396","7:144320283","C/G","-","somatic_SNV","COSMIC","-","-","                 Missense variant      ","K/N","105","tolerated(0.21)","tolerated(0.21)","benign(0.036)","ENST00000538212"
"COSM745070","7:144320288","G/T","-","somatic_SNV","COSMIC","-","-","                 Missense variant      ","Q/K","104","tolerated(0.6)","tolerated(0.6)","possibly damaging(0.852)","ENST00000538212"
"COSM78689","7:144320302","C/T","-","somatic_SNV","COSMIC","-","-","                 Missense variant      ","C/Y","99","deleterious(0)","deleterious(0)","probably damaging(0.998)","ENST00000538212"
"COSM1448894","7:144320303","A/G","-","somatic_SNV","COSMIC","-","-","                 Missense variant      ","C/R","99","deleterious(0)","deleterious(0)","probably damaging(0.998)","ENST00000538212"
"COSM452556","7:144320315","C/T","-","somatic_SNV","COSMIC","-","-","                 Missense variant      ","D/N","95","deleterious(0)","deleterious(0)","probably damaging(0.997)","ENST00000538212"
"COSM3635613","7:144320338","G/A","-","somatic_SNV","COSMIC","-","-","                 Missense variant      ","S/L","87","tolerated(0.24)","tolerated(0.24)","benign(0.021)","ENST00000538212"
"COSM1548802","7:144345917","C/G","-","somatic_SNV","COSMIC","-","-","                 Missense variant      ","E/Q","76","tolerated(0.11)","tolerated(0.11)","benign(0.326)","ENST00000538212"
"COSM745069","7:144345919","C/A","-","somatic_SNV","COSMIC","-","-","                 Missense variant      ","R/I","75","tolerated(0.38)","tolerated(0.38)","benign(0.326)","ENST00000538212"
"COSM1568554","7:144345964","G/A","-","somatic_SNV","COSMIC","-","-","                 Missense variant      ","P/L","60","deleterious(0)","deleterious(0)","probably damaging(1)","ENST00000538212"
"COSM3635614","7:144380014","C/T","-","somatic_SNV","COSMIC","-","-","                 Missense variant      ","E/K","13","deleterious - low confidence(0)","deleterious - low confidence(0)","benign(0)","ENST00000538212"
"COSM1548801","7:144380019","G/T","-","somatic_SNV","COSMIC","-","-","                 Missense variant      ","P/Q","11","deleterious - low confidence(0)","deleterious - low confidence(0)","benign(0.001)","ENST00000538212"
"COSM360369","7:144380045","C/A","-","somatic_SNV","COSMIC","-","-","                 Missense variant      ","E/D","2","deleterious - low confidence(0)","deleterious - low confidence(0)","unknown(0)","ENST00000538212"
"rs142883135","7:144228160","G/A","0.006 (A)","SNP","dbSNP","1000Genomes,ESP,Multiple_observations,","-","                 Missense variant      ","A/V","122","-","-","benign(0.011)","ENST00000549981"
"rs565641100","7:144228212","G/A","0.000 (A)","SNP","dbSNP","1000Genomes,","-","                 Missense variant      ","P/S","105","-","-","benign(0.004)","ENST00000549981"
"rs10251258","7:144228215","C/G/T","-","SNP","dbSNP","Multiple_observations,","-","                 Missense variant      ","V/I","104","-","-","benign(0.022)","ENST00000549981"
"rs10251258","7:144228215","C/G/T","-","SNP","dbSNP","Multiple_observations,","-","                 Missense variant      ","V/L","104","-","-","benign(0.003)","ENST00000549981"
"rs556430773","7:144228259","G/T","0.001 (T)","SNP","dbSNP","1000Genomes,","-","                 Missense variant      ","T/N","89","-","-","benign(0)","ENST00000549981"
"rs367833269","7:144245584","T/C","-","SNP","dbSNP","ESP,","-","                 Missense variant                              Splice region variant      ","R/G","88","-","-","benign(0.02)","ENST00000549981"
"rs552035224","7:144245623","A/G","0.000 (G)","SNP","dbSNP","1000Genomes,","-","                 Missense variant      ","C/R","75","-","-","probably damaging(0.996)","ENST00000549981"
"rs371701702","7:144245687","G/C","-","SNP","dbSNP","ESP,","-","                 Missense variant      ","H/Q","53","-","-","probably damaging(0.975)","ENST00000549981"
"rs201237707","7:144288519","T/A","-","SNP","dbSNP","1000Genomes,","-","                 Missense variant      ","Q/H","49","-","-","probably damaging(0.973)","ENST00000549981"
"rs374946048","7:144288526","A/G","-","SNP","dbSNP","-","-","                 Missense variant      ","L/P","47","-","-","probably damaging(0.998)","ENST00000549981"
"rs576168961","7:144288583","G/T","0.000 (T)","SNP","dbSNP","1000Genomes,","-","                 Missense variant      ","A/E","28","-","-","probably damaging(0.972)","ENST00000549981"
"rs147602742","7:144288625","C/T","-","SNP","dbSNP","ESP,Multiple_observations,","-","                 Missense variant      ","R/H","14","-","-","probably damaging(0.996)","ENST00000549981"
"rs547285921","7:144288652","A/G","-","SNP","dbSNP","-","-","                 Missense variant      ","I/T","5","-","-","probably damaging(0.967)","ENST00000549981"
"COSM3995427","7:144245631","C/A","-","somatic_SNV","COSMIC","-","-","                 Missense variant      ","G/V","72","-","-","probably damaging(1)","ENST00000549981"
"COSM3995428","7:144245631","C/A","-","somatic_SNV","COSMIC","-","-","                 Missense variant      ","G/V","72","-","-","probably damaging(1)","ENST00000549981"
"COSM599667","7:144245644","G/T","-","somatic_SNV","COSMIC","-","-","                 Missense variant      ","L/I","68","-","-","probably damaging(1)","ENST00000549981"
"COSM599666","7:144245652","C/A","-","somatic_SNV","COSMIC","-","-","                 Missense variant      ","W/L","65","-","-","probably damaging(0.962)","ENST00000549981"
"COSM421557","7:144245674","C/T","-","somatic_SNV","COSMIC","-","-","                 Missense variant      ","D/N","58","-","-","benign(0.175)","ENST00000549981"
"COSM326737","7:144245685","C/A","-","somatic_SNV","COSMIC","-","-","                 Missense variant      ","R/M","54","-","-","possibly damaging(0.785)","ENST00000549981"
"COSM3259243","7:144245694","C/T","-","somatic_SNV","COSMIC","-","-","                 Missense variant                              Splice region variant      ","G/E","51","-","-","probably damaging(0.99)","ENST00000549981"
"COSM3635606","7:144245694","C/T","-","somatic_SNV","COSMIC","-","-","                 Missense variant                              Splice region variant      ","G/E","51","-","-","probably damaging(0.99)","ENST00000549981"
"COSM745071","7:144245695","C/T","-","somatic_SNV","COSMIC","-","-","                 Missense variant                              Splice region variant      ","G/R","51","-","-","possibly damaging(0.903)","ENST00000549981"
"COSM175775","7:144288524","G/T","-","somatic_SNV","COSMIC","-","-","                 Missense variant      ","L/I","48","-","-","probably damaging(0.919)","ENST00000549981"
"COSM76792","7:144288554","T/C","-","somatic_SNV","COSMIC","-","-","                 Missense variant      ","I/V","38","-","-","benign(0.023)","ENST00000549981"
"COSM398628","7:144288563","G/T","-","somatic_SNV","COSMIC","-","-","                 Missense variant      ","P/T","35","-","-","probably damaging(0.987)","ENST00000549981"
"COSM3923032","7:144288563","G/A","-","somatic_SNV","COSMIC","-","-","                 Missense variant      ","P/S","35","-","-","probably damaging(0.982)","ENST00000549981"
"COSM3923033","7:144288563","G/A","-","somatic_SNV","COSMIC","-","-","                 Missense variant      ","P/S","35","-","-","probably damaging(0.982)","ENST00000549981"
"COSM3635609","7:144288569","G/A","-","somatic_SNV","COSMIC","-","-","                 Missense variant      ","P/S","33","-","-","benign(0.018)","ENST00000549981"
"COSM3635610","7:144288569","G/A","-","somatic_SNV","COSMIC","-","-","                 Missense variant      ","P/S","33","-","-","benign(0.018)","ENST00000549981"
"COSM4153940","7:144288597","A/T","-","somatic_SNV","COSMIC","-","-","                 Missense variant      ","N/K","23","-","-","benign(0.138)","ENST00000549981"
"COSM4153941","7:144288597","A/T","-","somatic_SNV","COSMIC","-","-","                 Missense variant      ","N/K","23","-","-","benign(0.138)","ENST00000549981"
"COSM1230145","7:144288612","A/C","-","somatic_SNV","COSMIC","-","-","                 Missense variant      ","I/M","18","-","-","benign(0.288)","ENST00000549981"
"COSM1548803","7:144288620","C/G","-","somatic_SNV","COSMIC","-","-","                 Missense variant      ","D/H","16","-","-","probably damaging(0.998)","ENST00000549981"
"rs201237707","7:144288519","T/A","-","SNP","dbSNP","1000Genomes,","-","                 Missense variant      ","Q/H","166","deleterious(0.02)","deleterious(0.02)","possibly damaging(0.63)","ENST00000552881"
"rs374946048","7:144288526","A/G","-","SNP","dbSNP","-","-","                 Missense variant      ","L/P","164","deleterious(0)","deleterious(0)","probably damaging(1)","ENST00000552881"
"rs576168961","7:144288583","G/T","0.000 (T)","SNP","dbSNP","1000Genomes,","-","                 Missense variant      ","A/E","145","deleterious(0)","deleterious(0)","probably damaging(0.981)","ENST00000552881"
"rs147602742","7:144288625","C/T","-","SNP","dbSNP","ESP,Multiple_observations,","-","                 Missense variant      ","R/H","131","deleterious(0)","deleterious(0)","probably damaging(0.991)","ENST00000552881"
"rs547285921","7:144288652","A/G","-","SNP","dbSNP","-","-","                 Missense variant      ","I/T","122","deleterious(0)","deleterious(0)","probably damaging(0.98)","ENST00000552881"
"rs186564802","7:144320287","T/A","-","SNP","dbSNP","1000Genomes,","-","                 Missense variant      ","Q/L","109","tolerated(0.76)","tolerated(0.76)","benign(0.009)","ENST00000552881"
"rs145863885","7:144345928","G/A","-","SNP","dbSNP","ESP,","-","                 Missense variant      ","P/L","77","deleterious(0.01)","deleterious(0.01)","possibly damaging(0.48)","ENST00000552881"
"rs200717734","7:144380018","C/T","0.000 (T)","SNP","dbSNP","1000Genomes,ESP,Multiple_observations,","-","                 Missense variant      ","E/K","57","tolerated(0.49)","tolerated(0.49)","benign(0.033)","ENST00000552881"
"rs373745325","7:144380023","A/G","-","SNP","dbSNP","ESP,","-","                 Missense variant      ","I/T","55","tolerated(0.18)","tolerated(0.18)","benign(0.013)","ENST00000552881"
"rs201086987","7:144380030","A/G","-","SNP","dbSNP","-","-","                 Missense variant      ","Y/H","53","tolerated(0.17)","tolerated(0.17)","benign(0.343)","ENST00000552881"
"rs202038293","7:144380035","C/T","0.000 (T)","SNP","dbSNP","1000Genomes,Multiple_observations,","-","                 Missense variant      ","R/H","51","tolerated(0.48)","tolerated(0.48)","benign(0.007)","ENST00000552881"
"rs387906935","7:144380039","T/G","-","SNP","dbSNP","-","pathogenic,","                 Missense variant      ","N/H","50","deleterious(0)","deleterious(0)","probably damaging(0.999)","ENST00000552881"
"rs551699564","7:144380051","C/T","-","SNP","dbSNP","-","-","                 Missense variant      ","D/N","46","deleterious(0)","deleterious(0)","probably damaging(0.999)","ENST00000552881"
"rs387906936","7:144380068","A/G","-","SNP","dbSNP","-","pathogenic,","                 Missense variant      ","L/P","40","tolerated(0.06)","tolerated(0.06)","possibly damaging(0.787)","ENST00000552881"
"rs77358162","7:144462990","C/T","0.002 (T)","SNP","dbSNP","1000Genomes,ESP,Multiple_observations,","benign,","                 Missense variant      ","R/H","33","tolerated(0.69)","tolerated(0.69)","benign(0.003)","ENST00000552881"
"rs368467309","7:144462991","G/A","-","SNP","dbSNP","ESP,","-","                 Missense variant      ","R/C","33","tolerated(0.15)","tolerated(0.15)","possibly damaging(0.898)","ENST00000552881"
"rs531486319","7:144462996","T/G","0.000 (G)","SNP","dbSNP","1000Genomes,","-","                 Missense variant      ","Y/S","31","tolerated(0.39)","tolerated(0.39)","benign(0.003)","ENST00000552881"
"rs150306900","7:144463000","T/G","-","SNP","dbSNP","ESP,","-","                 Missense variant      ","N/H","30","tolerated(0.08)","tolerated(0.08)","benign(0.001)","ENST00000552881"
"rs549604070","7:144463038","A/C","0.000 (C)","SNP","dbSNP","1000Genomes,","-","                 Missense variant      ","L/W","17","deleterious(0.02)","deleterious(0.02)","possibly damaging(0.791)","ENST00000552881"
"COSM175775","7:144288524","G/T","-","somatic_SNV","COSMIC","-","-","                 Missense variant      ","L/I","165","tolerated(0.05)","tolerated(0.05)","probably damaging(0.926)","ENST00000552881"
"COSM76792","7:144288554","T/C","-","somatic_SNV","COSMIC","-","-","                 Missense variant      ","I/V","155","tolerated(0.71)","tolerated(0.71)","benign(0.007)","ENST00000552881"
"COSM398628","7:144288563","G/T","-","somatic_SNV","COSMIC","-","-","                 Missense variant      ","P/T","152","deleterious(0)","deleterious(0)","probably damaging(0.998)","ENST00000552881"
"COSM3923032","7:144288563","G/A","-","somatic_SNV","COSMIC","-","-","                 Missense variant      ","P/S","152","deleterious(0.01)","deleterious(0.01)","probably damaging(0.998)","ENST00000552881"
"COSM3923033","7:144288563","G/A","-","somatic_SNV","COSMIC","-","-","                 Missense variant      ","P/S","152","deleterious(0.01)","deleterious(0.01)","probably damaging(0.998)","ENST00000552881"
"COSM3635609","7:144288569","G/A","-","somatic_SNV","COSMIC","-","-","                 Missense variant      ","P/S","150","tolerated(0.47)","tolerated(0.47)","benign(0.001)","ENST00000552881"
"COSM3635610","7:144288569","G/A","-","somatic_SNV","COSMIC","-","-","                 Missense variant      ","P/S","150","tolerated(0.47)","tolerated(0.47)","benign(0.001)","ENST00000552881"
"COSM4153940","7:144288597","A/T","-","somatic_SNV","COSMIC","-","-","                 Missense variant      ","N/K","140","deleterious(0.05)","deleterious(0.05)","possibly damaging(0.57)","ENST00000552881"
"COSM4153941","7:144288597","A/T","-","somatic_SNV","COSMIC","-","-","                 Missense variant      ","N/K","140","deleterious(0.05)","deleterious(0.05)","possibly damaging(0.57)","ENST00000552881"
"COSM1230145","7:144288612","A/C","-","somatic_SNV","COSMIC","-","-","                 Missense variant      ","I/M","135","deleterious(0.02)","deleterious(0.02)","benign(0.148)","ENST00000552881"
"COSM1548803","7:144288620","C/G","-","somatic_SNV","COSMIC","-","-","                 Missense variant      ","D/H","133","deleterious(0)","deleterious(0)","probably damaging(1)","ENST00000552881"
"COSM1086951","7:144320267","C/A","-","somatic_SNV","COSMIC","-","-","                 Missense variant      ","D/Y","116","deleterious(0.01)","deleterious(0.01)","benign(0.079)","ENST00000552881"
"COSM175974","7:144320270","T/G","-","somatic_SNV","COSMIC","-","-","                 Missense variant      ","K/Q","115","tolerated(0.34)","tolerated(0.34)","benign(0.002)","ENST00000552881"
"COSM3879045","7:144320278","A/G","-","somatic_SNV","COSMIC","-","-","                 Missense variant      ","I/T","112","deleterious(0.05)","deleterious(0.05)","possibly damaging(0.732)","ENST00000552881"
"COSM599665","7:144320281","T/A","-","somatic_SNV","COSMIC","-","-","                 Missense variant      ","K/M","111","deleterious(0)","deleterious(0)","possibly damaging(0.896)","ENST00000552881"
"COSM1268396","7:144320283","C/G","-","somatic_SNV","COSMIC","-","-","                 Missense variant      ","K/N","110","tolerated(0.19)","tolerated(0.19)","benign(0.006)","ENST00000552881"
"COSM745070","7:144320288","G/T","-","somatic_SNV","COSMIC","-","-","                 Missense variant      ","Q/K","109","tolerated(1)","tolerated(1)","possibly damaging(0.462)","ENST00000552881"
"COSM78689","7:144320302","C/T","-","somatic_SNV","COSMIC","-","-","                 Missense variant      ","C/Y","104","deleterious(0)","deleterious(0)","probably damaging(0.997)","ENST00000552881"
"COSM1448894","7:144320303","A/G","-","somatic_SNV","COSMIC","-","-","                 Missense variant      ","C/R","104","deleterious(0)","deleterious(0)","probably damaging(0.996)","ENST00000552881"
"COSM452556","7:144320315","C/T","-","somatic_SNV","COSMIC","-","-","                 Missense variant      ","D/N","100","deleterious(0)","deleterious(0)","probably damaging(0.999)","ENST00000552881"
"COSM3635613","7:144320338","G/A","-","somatic_SNV","COSMIC","-","-","                 Missense variant      ","S/L","92","tolerated(0.12)","tolerated(0.12)","benign(0.003)","ENST00000552881"
"COSM1548802","7:144345917","C/G","-","somatic_SNV","COSMIC","-","-","                 Missense variant      ","E/Q","81","tolerated(0.19)","tolerated(0.19)","benign(0.041)","ENST00000552881"
"COSM745069","7:144345919","C/A","-","somatic_SNV","COSMIC","-","-","                 Missense variant      ","R/I","80","deleterious(0.02)","deleterious(0.02)","benign(0.028)","ENST00000552881"
"COSM1568554","7:144345964","G/A","-","somatic_SNV","COSMIC","-","-","                 Missense variant      ","P/L","65","deleterious(0)","deleterious(0)","probably damaging(1)","ENST00000552881"
"COSM745068","7:144380014","C/A","-","somatic_SNV","COSMIC","-","-","                 Missense variant      ","G/V","58","deleterious(0.02)","deleterious(0.02)","possibly damaging(0.817)","ENST00000552881"
"COSM3635614","7:144380014","C/T","-","somatic_SNV","COSMIC","-","-","                 Missense variant      ","G/E","58","tolerated(0.07)","tolerated(0.07)","benign(0.19)","ENST00000552881"
"COSM745067","7:144380018","C/G","-","somatic_SNV","COSMIC","-","-","                 Missense variant      ","E/Q","57","tolerated(0.28)","tolerated(0.28)","benign(0.049)","ENST00000552881"
"COSM167083","7:144380018","C/T","-","somatic_SNV","COSMIC","-","-","                 Missense variant      ","E/K","57","tolerated(0.49)","tolerated(0.49)","benign(0.033)","ENST00000552881"
"COSM360369","7:144380045","C/A","-","somatic_SNV","COSMIC","-","-","                 Missense variant      ","G/C","48","deleterious(0)","deleterious(0)","probably damaging(0.999)","ENST00000552881"
"COSM1086952","7:144462991","G/A","-","somatic_SNV","COSMIC","-","-","                 Missense variant      ","R/C","33","tolerated(0.15)","tolerated(0.15)","possibly damaging(0.898)","ENST00000552881"
"COSM370604","7:144463003","C/A","-","somatic_SNV","COSMIC","-","-","                 Missense variant      ","D/Y","29","deleterious(0.01)","deleterious(0.01)","probably damaging(0.975)","ENST00000552881"
"COSM1448895","7:144463037","C/G","-","somatic_SNV","COSMIC","-","-","                 Missense variant      ","L/F","17","tolerated(0.1)","tolerated(0.1)","benign(0.199)","ENST00000552881"
"COSM3942106","7:144532655","G/A","-","somatic_SNV","COSMIC","-","-","                 Missense variant                              Splice region variant      ","T/I","14","tolerated(0.23)","tolerated(0.23)","benign(0.001)","ENST00000552881"
"COSM3366839","7:144532676","G/A","-","somatic_SNV","COSMIC","-","-","                 Missense variant      ","P/L","7","deleterious(0)","deleterious(0)","probably damaging(0.994)","ENST00000552881"
