"ID","AA","AA.coord","PolyPhen"
"rs550639617","V/D",226,"benign(0.003)"
"rs568804217","G/W",223,"probably damaging(0.965)"
"rs368458768","D/N",222,"possibly damaging(0.887)"
"rs371271054","N/S",219,"probably damaging(1)"
"rs367833269","T/A",205,"benign(0.017)"
"rs552035224","C/R",192,"probably damaging(0.999)"
"rs371701702","H/Q",170,"possibly damaging(0.864)"
"rs201237707","Q/H",166,"possibly damaging(0.63)"
"rs374946048","L/P",164,"probably damaging(1)"
"rs576168961","A/E",145,"probably damaging(0.981)"
"rs147602742","R/H",131,"probably damaging(0.991)"
"rs547285921","I/T",122,"probably damaging(0.98)"
"rs186564802","Q/L",109,"benign(0.009)"
"rs145863885","P/L",77,"possibly damaging(0.48)"
"rs200717734","E/K",57,"benign(0.033)"
"rs373745325","I/T",55,"benign(0.013)"
"rs201086987","Y/H",53,"benign(0.343)"
"rs202038293","R/H",51,"benign(0.007)"
"rs387906935","N/H",50,"probably damaging(0.999)"
"rs551699564","D/N",46,"probably damaging(0.999)"
"rs387906936","L/P",40,"possibly damaging(0.787)"
"rs77358162","R/H",33,"benign(0.003)"
"rs368467309","R/C",33,"possibly damaging(0.898)"
"rs531486319","Y/S",31,"benign(0.003)"
"rs150306900","N/H",30,"benign(0.001)"
"rs549604070","L/W",17,"possibly damaging(0.791)"
"rs531988280","K/N",119,"unknown(0)"
"rs186564802","Q/L",109,"unknown(0)"
"rs145863885","P/L",77,"probably damaging(0.927)"
"rs200717734","E/K",57,"benign(0.026)"
"rs373745325","I/T",55,"benign(0.021)"
"rs201086987","Y/H",53,"benign(0.261)"
"rs202038293","R/H",51,"benign(0.01)"
"rs387906935","N/H",50,"probably damaging(0.999)"
"rs551699564","D/N",46,"probably damaging(0.999)"
"rs387906936","L/P",40,"possibly damaging(0.76)"
"rs77358162","R/H",33,"benign(0)"
"rs368467309","R/C",33,"possibly damaging(0.509)"
"rs531486319","Y/S",31,"benign(0.01)"
"rs150306900","N/H",30,"benign(0.002)"
"rs549604070","L/W",17,"probably damaging(0.971)"
"rs550639617","V/D",177,"benign(0.029)"
"rs568804217","G/W",174,"probably damaging(0.978)"
"rs368458768","D/N",173,"possibly damaging(0.481)"
"rs371271054","N/S",170,"probably damaging(1)"
"rs367833269","T/A",156,"benign(0.209)"
"rs552035224","C/R",143,"probably damaging(0.997)"
"rs371701702","H/Q",121,"probably damaging(0.945)"
"rs186564802","Q/L",109,"benign(0.003)"
"rs145863885","P/L",77,"possibly damaging(0.743)"
"rs200717734","E/K",57,"benign(0.01)"
"rs373745325","I/T",55,"benign(0.003)"
"rs201086987","Y/H",53,"benign(0.036)"
"rs202038293","R/H",51,"benign(0.008)"
"rs387906935","N/H",50,"probably damaging(0.996)"
"rs551699564","D/N",46,"probably damaging(0.999)"
"rs387906936","L/P",40,"possibly damaging(0.789)"
"rs77358162","R/H",33,"benign(0.001)"
"rs368467309","R/C",33,"possibly damaging(0.663)"
"rs531486319","Y/S",31,"benign(0.002)"
"rs150306900","N/H",30,"benign(0.002)"
"rs549604070","L/W",17,"probably damaging(0.96)"
"rs57405539","R/Q",73,"unknown(0)"
"rs557333272","P/L",59,"unknown(0)"
"rs374701561","E/G",56,"unknown(0)"
"rs374510029","N/K",36,"unknown(0)"
"rs370527936","P/L",11,"unknown(0)"
"rs373745325","S/P",10,"unknown(0)"
"rs202038293","A/T",6,"unknown(0)"
"rs142178442","L/Q",32,"unknown(0)"
"rs190902373","G/D",31,"unknown(0)"
"rs370527936","P/L",11,"unknown(0)"
"rs373745325","S/P",10,"unknown(0)"
"rs202038293","A/T",6,"unknown(0)"
"rs550639617","V/D",172,"benign(0.056)"
"rs568804217","G/W",169,"probably damaging(0.996)"
"rs368458768","D/N",168,"probably damaging(0.989)"
"rs371271054","N/S",165,"probably damaging(0.999)"
"rs367833269","T/A",151,"benign(0.403)"
"rs552035224","C/R",138,"probably damaging(0.998)"
"rs371701702","H/Q",116,"probably damaging(0.985)"
"rs186564802","Q/L",104,"benign(0.028)"
"rs145863885","P/L",72,"probably damaging(0.975)"
"rs57405539","G/R",54,"benign(0.004)"
"rs560554458","K/R",46,"benign(0.276)"
"rs376564438","C/Y",42,"benign(0.19)"
"rs557333272","H/Y",40,"benign(0.1)"
"rs374701561","K/E",37,"benign(0.1)"
"rs374510029","A/D",17,"benign(0.017)"
"rs370527936","P/L",11,"benign(0.001)"
"rs373745325","S/P",10,"benign(0.011)"
"rs202038293","A/T",6,"unknown(0)"
"rs142883135","A/V",122,"benign(0.011)"
"rs565641100","P/S",105,"benign(0.004)"
"rs10251258","V/I",104,"benign(0.022)"
"rs10251258","V/L",104,"benign(0.003)"
"rs556430773","T/N",89,"benign(0)"
"rs367833269","R/G",88,"benign(0.02)"
"rs552035224","C/R",75,"probably damaging(0.996)"
"rs371701702","H/Q",53,"probably damaging(0.975)"
"rs201237707","Q/H",49,"probably damaging(0.973)"
"rs374946048","L/P",47,"probably damaging(0.998)"
"rs576168961","A/E",28,"probably damaging(0.972)"
"rs147602742","R/H",14,"probably damaging(0.996)"
"rs547285921","I/T",5,"probably damaging(0.967)"
"rs201237707","Q/H",166,"possibly damaging(0.63)"
"rs374946048","L/P",164,"probably damaging(1)"
"rs576168961","A/E",145,"probably damaging(0.981)"
"rs147602742","R/H",131,"probably damaging(0.991)"
"rs547285921","I/T",122,"probably damaging(0.98)"
"rs186564802","Q/L",109,"benign(0.009)"
"rs145863885","P/L",77,"possibly damaging(0.48)"
"rs200717734","E/K",57,"benign(0.033)"
"rs373745325","I/T",55,"benign(0.013)"
"rs201086987","Y/H",53,"benign(0.343)"
"rs202038293","R/H",51,"benign(0.007)"
"rs387906935","N/H",50,"probably damaging(0.999)"
"rs551699564","D/N",46,"probably damaging(0.999)"
"rs387906936","L/P",40,"possibly damaging(0.787)"
"rs77358162","R/H",33,"benign(0.003)"
"rs368467309","R/C",33,"possibly damaging(0.898)"
"rs531486319","Y/S",31,"benign(0.003)"
"rs150306900","N/H",30,"benign(0.001)"
"rs549604070","L/W",17,"possibly damaging(0.791)"
