category,id,plate,well,mut,score,spotting,Sanger,Sanger result
imputation,UBE2I-HYC-00090,1,D18,K101Y,NA,1.5,TRUE,"silent,K101Y"
imputation,UBE2I-HYC-00137,1,F17,E78T,NA,1,FALSE,A152Y
imputation,UBE2I-HYC-00140,1,F20,K154L,NA,1.5,TRUE,"silent,silent,silent,K154L"
imputation,UBE2I-HYC-00207,1,I15,M36A,NA,0.5,TRUE,"M36A,silent"
imputation,UBE2I-HYC-00826,3,C10,K74M,NA,,FALSE,superpos
imputation,UBE2I-HYC-00956,3,H20,I109E,NA,0,TRUE,"silent,I109E "
imputation,UBE2I-HYC-00966,3,I06,K18L,NA,0.5,TRUE,"K18L,silent "
imputation,UBE2I-HYC-00968,3,I08,P32D,NA,1.25,TRUE,P32D
imputation,UBE2I-HYC-00978,3,I18,I96C,NA,1.25,TRUE,I96C
imputation,UBE2I-HYC-01047,3,L15,H83M,NA,0,TRUE,"H83M,silent "
imputation,UBE2I-HYC-01058,3,M02,P69K,NA,0,TRUE,P69K
imputation,UBE2I-HYC-01202,4,C02,C75I,NA,1.5,TRUE,C75I
imputation,UBE2I-HYC-01402,4,K10,M62W,NA,0,TRUE,"M62W,silent "
imputation,UBE2I-HYC-01422,4,L06,P72Y,NA,0,TRUE,P72Y
imputation,UBE2I-HYC-02649,7,O09,A106M,NA,,TRUE,
imputation,UBE2I-HYC-05594,15,J02,N124P,NA,0,TRUE,N124P
spectrum,UBE2I-HYC-00237,1,J21,K76D,2.4321524578,1.5,TRUE,
spectrum,UBE2I-HYC-00526,2,F22,K74H,2.2995724001,1.25,TRUE,
spectrum,UBE2I-HYC-00333,1,N21,K74S,2.2796160278,1.25,TRUE,
spectrum,UBE2I-HYC-01109,3,O05,Q111S,2.2080584017,1.25,TRUE,Q111S
spectrum,UBE2I-HYC-02576,7,L08,T91A,1.9851201802,1.5,TRUE,
spectrum,UBE2I-HYC-04604,12,P20,K76S,1.8623262865,1.25,TRUE,
spectrum,UBE2I-HYC-01048,3,L16,P52N,1.8373066357,1,TRUE,P52N
spectrum,UBE2I-HYC-03637,10,H13,K76E,1.7886020096,1.25,TRUE,
spectrum,UBE2I-HYC-05934,16,H06,V148I,1.7272741424,1.25,TRUE,
spectrum,UBE2I-HYC-03041,8,O17,T108I,1.6221083226,1.25,TRUE,T108I
spectrum,UBE2I-HYC-04927,13,N07,E99G,1.6161736913,0,FALSE,superpos
spectrum,UBE2I-HYC-00528,2,F24,I107V,1.5291365699,1.5,TRUE,
spectrum,UBE2I-HYC-00808,3,B16,K18V,1.48324635,,TRUE,
spectrum,UBE2I-HYC-01485,4,N21,D100N,1.432796775,1.5,TRUE,
spectrum,UBE2I-HYC-02925,8,J21,Q126T,1.4007934413,1.25,TRUE,
spectrum,UBE2I-HYC-00794,3,B02,L113C,1.3710146095,1.25,FALSE,long deletion
spectrum,UBE2I-HYC-00566,2,H14,N37Y,1.3194596774,1.25,TRUE,
spectrum,UBE2I-HYC-06093,16,N21,Q139R,1.2703050096,1.25,TRUE,
spectrum,UBE2I-HYC-01533,4,P21,V142G,1.2194516914,1.25,TRUE,
spectrum,UBE2I-HYC-03273,9,I09,I136F,1.1453317248,1,TRUE,I136F
spectrum,UBE2I-HYC-02048,6,F08,M62V,1.0961075518,1,TRUE,
spectrum,UBE2I-HYC-00275,1,L11,L114Y,1.0766721802,1.25,TRUE,
spectrum,UBE2I-HYC-01899,5,P03,P157S,1.0336819507,1.5,TRUE,"silent,silent,P157S "
spectrum,UBE2I-HYC-02234,6,N02,R141I,0.9786235918,,TRUE,
spectrum,UBE2I-HYC-01298,4,G02,A131L,0.9311965298,1,TRUE,A131L
spectrum,UBE2I-HYC-01746,5,I18,E42G,0.8744726323,1,TRUE,
spectrum,UBE2I-HYC-03488,10,B08,Q126L,0.8103171774,1.25,TRUE,Q126L
spectrum,UBE2I-HYC-00619,2,J19,P52D,0.7911536378,1.25,TRUE,P52D
spectrum,UBE2I-HYC-01730,5,I02,E118G,0.7255480206,1,TRUE,E118G
spectrum,UBE2I-HYC-06504,17,O24,G34D,0.6908875864,1,TRUE,
spectrum,UBE2I-HYC-02073,6,G09,S89L,0.6484263955,0,FALSE,"R1: superpos/UBE2I, R2: deletion from promoter to lox"
spectrum,UBE2I-HYC-00133,1,F13,K146L,0.6142942857,1.25,TRUE,K146L
spectrum,UBE2I-HYC-01546,5,A10,L57F,0.5545016948,,TRUE,
spectrum,UBE2I-HYC-02946,8,K18,E132V,0.4899826648,1,TRUE,E132V
spectrum,UBE2I-HYC-00381,1,P21,S7G,0.4677134659,0.75,FALSE,superpos
spectrum,UBE2I-HYC-05827,16,C19,P46S,0.3932717248,1,FALSE,superpos/wt?
spectrum,UBE2I-HYC-05058,14,C18,I4G,0.3473248907,0.75,TRUE,
spectrum,UBE2I-HYC-01943,6,A23,F77L,0.3218609078,1.5,FALSE,superpos/wt?
spectrum,UBE2I-HYC-00547,2,G19,N124S,0.2517400953,0.75,TRUE,"N124S,silent"
spectrum,UBE2I-HYC-03227,9,G11,R141W,0.196213009,0.75,TRUE,
spectrum,UBE2I-HYC-00787,3,A19,D127F,0.1771687427,1.25,FALSE,superpos
spectrum,UBE2I-HYC-01579,5,B19,Y68C,0.1327031014,,TRUE,
spectrum,UBE2I-HYC-04941,13,N21,L81T,0.0729093513,0,TRUE,L81T
spectrum,UBE2I-HYC-06538,18,A10,H83L,0.0214016218,0,TRUE,
spectrum,UBE2I-HYC-00759,2,P15,E12G,-0.0209977172,0,TRUE,
spectrum,UBE2I-HYC-06036,16,L12,L119P,-0.060097147,0,TRUE,L119P
spectrum,UBE2I-HYC-03038,8,O14,Y137N,-0.1481227398,0,TRUE,
spectrum,UBE2I-HYC-00509,2,F05,K76P,-0.1591570928,0,TRUE,
spectrum,UBE2I-HYC-06194,17,C02,Y68D,-0.2391647094,0,TRUE,Y68D
spectrum,UBE2I-HYC-00063,1,C15,C75K,-0.2854458502,0,TRUE,
spectrum,UBE2I-HYC-00678,2,M06,P123K,-0.297414602,1.25,FALSE,"L60*?,A133M / superpos"
spectrum,UBE2I-HYC-00024,1,A24,L81N,-0.3580534529,0,TRUE,
spectrum,UBE2I-HYC-00666,2,L18,I45H,-0.4174949582,0.5,TRUE,
spectrum,UBE2I-HYC-00572,2,H20,G115K,-0.4471821663,0,TRUE,
fast,UBE2I-HYC-02233,6,N01,E98G,2.77,1.5,TRUE,"silent,E98G,silent "
fast,UBE2I-HYC-02126,6,I14,E98G,2.67,1.5,TRUE,E98G 
fast,UBE2I-HYC-01202,4,C02,C75I,2.59,1.25,TRUE,C75I 
fast,UBE2I-HYC-04032,11,H24,I96T,2.5,0.75,FALSE,"silent,E122G,silent "
fast,UBE2I-HYC-01332,4,H12,I116L,2.46,1.25,TRUE,"I116L,silent "
fast,UBE2I-HYC-02755,8,C19,N40S,2.18,0.75,FALSE,poor quality
fast,UBE2I-HYC-02658,7,O18,T91S,2.18,1.25,TRUE,T91S 
fast,UBE2I-HYC-00090,1,D18,K101Y,2.17,1.25,TRUE,"silent,K101Y "
fast,UBE2I-HYC-01372,4,J04,K74S,2.16,1.25,TRUE,K74S 
fast,UBE2I-HYC-05809,16,C01,T108A,2.13,1.25,FALSE,poor quality
fast,UBE2I-HYC-00179,1,H11,I112T,2.11,1.25,FALSE,poor quality
fast,UBE2I-HYC-05568,15,H24,E145Q,2.09,,FALSE,wt?
fast,UBE2I-HYC-04364,12,F20,K74E,2.07,,TRUE,"silent,K74E,silent "
fast,UBE2I-HYC-04803,13,I03,K74E,2.05,1.5,FALSE,superpos
fast,UBE2I-HYC-04438,12,I22,T91A,2.05,,TRUE,T91A 
fast,UBE2I-HYC-02433,7,F09,L114S,2.03,1,TRUE,L114S 
fast,UBE2I-HYC-06442,17,M10,L114F,1.97,1,FALSE,superpos/wt?
fast,UBE2I-HYC-04731,13,F03,K65N,1.93,1.25,TRUE,K65N 
fast,UBE2I-HYC-04832,13,J08,V142E,1.92,1.5,TRUE,V142E 
fast,UBE2I-HYC-00779,3,A11,D127S,1.91,0,FALSE,"V92H,Q126V "
fast,UBE2I-HYC-01349,4,I05,T108Y,1.91,1,TRUE,"silent,T108Y "
fast,UBE2I-HYC-01250,4,E02,T108L,1.88,1.25,TRUE,T108L 
fast,UBE2I-HYC-04410,12,H18,I112T,1.87,1.5,TRUE,"silent,silent,I112T "
fast,UBE2I-HYC-00526,2,F22,K74H,1.85,1.25,TRUE,"K74H,silent "
control,UBE2I-HYC-WT1,ctrl,A01,WT,1,1,TRUE,
control,UBE2I-HYC-00626,2,K02,null,0,0.5,FALSE,"K110Y,I125G"
