Pos,sec.struc,acc,r.acc,b.daxx,b.e1,b.pias,b.pml,b.ranbp,b.senp1,b.senp2,b.tdg,b.ube2i.cov,b.ube2i.nc,daxx.cia,e1.cia,pias.cia,pml.cia,ranbp.cia,senp1.cia,senp2.cia,tdg.cia,ube2i.cov.cia,ubei2i.noncov.cia
1,Disorder,239.81,100,0,0,0,0,0,0,0,0,0,0,no,no,no,no,no,no,no,no,no,no
2,Disorder,159.81,100,0,0,0,0,0,0,0,0,0,0,no,no,no,no,no,no,no,no,no,no
3,Disorder,185.81,100,0,0,0,0,0,0,0,0,0,0,no,no,no,no,no,no,no,no,no,no
4,Disorder,223.81,100,0,0,0,0,0,0,0,0,0,0,no,no,no,no,no,no,no,no,no,no
5,Disorder,217.81,100,0,0,0,0,0,0,0,0,0,0,no,no,no,no,no,no,no,no,no,no
6,Disorder,146.81,100,0,0,0,0,0,0,0,0,0,0,no,no,no,no,no,no,no,no,no,no
7,Disorder,246.81,100,0,0,0,0,0,0,0,0,0,0,no,no,no,no,no,no,no,no,no,no
8,Disorder,184.81,100,0,0,0,0,0,0,0,0,0,0,no,no,no,no,no,no,no,no,no,no
9,Disorder,159.81,100,0,0,0,0,0,0,0,0,0,0,no,no,no,no,no,no,no,no,no,no
10,Disorder,181.81,100,0,0,0,0,0,0,0,0,0,0,no,no,no,no,no,no,no,no,no,no
11,Disorder,217.81,100,0,0,0,0,0,0,0,0,0,0,no,no,no,no,no,no,no,no,no,no
12,Disorder,185.81,100,0,0,0,0,0,0,0,0,0,0,no,no,no,no,no,no,no,no,no,no
13,Disorder,216.81,100,0,0,0,0,0,0,0,0,0,0,no,no,no,no,no,no,no,no,no,no
14,Disorder,89.81,100,0,0,0,0,0,0,0,0,0,0,no,no,no,no,no,no,no,no,no,no
15,Disorder,185.81,100,0,0,0,0,0,0,0,0,0,0,no,no,no,no,no,no,no,no,no,no
16,Disorder,246.81,100,0,0,0,0,0,0,0,0,0,0,no,no,no,no,no,no,no,no,no,no
17,Disorder,246.81,100,0,0,0,0,0,0,0,0,0,0,no,no,no,no,no,no,no,no,no,no
18,Coil,217.81,100,0,0,0,0,0,0,0,0,0,0,no,no,no,no,no,no,no,no,no,no
19,Coil,75.95,87.1,0,0.46,0,0,0,0,0,0,0,0,no,no,no,no,no,no,no,no,no,no
20,Coil,144.33,81.5,0,0.12,0,0,0,0,0,0,0,0,no,no,no,no,no,no,no,no,no,no
21,Coil,110.89,50.4,0.41,0.63,0.31,0.38,0.26,0,0,0.32,0,0,no,res,res,no,res,no,no,no,no,no
22,Strand,15.7,8.2,0,0,0,0,0,0,0,0,0,0,no,no,no,no,no,no,no,no,no,no
23,Strand,77.18,46.9,0.45,0.18,0.1,0.47,0.24,0,0,0.16,0,0,no,no,no,no,no,no,no,no,no,no
24,Strand,0,0,0,0,0,0,0,0,0,0,0,0,no,no,no,no,no,no,no,no,no,no
25,Strand,48.24,29.3,0,0,0,0,0,0,0,0,0,0.37,no,no,no,no,no,no,no,no,no,no
26,Strand,0.03,0,0,0,0.07,0,0,0,0,0,0,0,no,no,no,no,no,no,no,no,no,no
27,Strand,44.95,30.1,0,0.64,0,0,0,0,0.03,0,0,0.22,no,no,no,no,no,no,no,no,no,no
28,Turn,10.05,11.5,0,0,0,0,0,0,0,0,0.16,0.63,no,no,no,no,no,no,no,no,no,no
29,Turn,108.09,47.8,0,0.95,0,0,0,0.1,0.02,0.03,0.86,0.37,no,no,no,no,no,no,no,no,no,no
30,Turn,110.63,69.7,0,0.29,0,0,0.38,0,0,0.66,0.33,0,no,no,no,no,no,no,no,res,no,no
31,Turn,91.24,94.7,0,0.52,0,0,0.6,0,0,0.37,0.09,0,no,no,no,no,res,no,no,no,no,no
32,Coil,40.3,33.8,0.32,0,0,0.24,0.48,0,0,0.99,0,0,no,no,no,no,no,no,no,no,no,no
33,Strand,85.9,43.3,0.2,0.1,0.19,0.18,0.6,0,0,0.49,0,0,bb,no,no,bb,bb,no,no,bb,no,no
34,Strand,45.89,27.25,0.97,0.37,0.39,0.96,0.97,0,0,1,0,0,no,no,no,no,no,no,no,no,no,no
35,Strand,83.75,42.95,0.65,0.64,0.81,0.72,0.8,0,0,0.84,0,0,bb,bb,res,bb,bb,no,no,bb,no,no
36,Strand,30.54,14.1,1,1,0.85,1,1,0,0,0.96,0,0,no,no,no,no,no,no,no,no,no,no
37,Strand,140.48,72.9,0.5,0.45,0.61,0.48,0.46,0,0,0.43,0,0,bb,bb,res,bb,bb,no,no,bb,no,no
38,Strand,14.99,9.8,1,0.99,0.76,1,0.95,0,0,0.98,0,0,no,no,no,no,no,no,no,no,no,no
39,Turn,75.67,45.75,0.06,0.88,0.52,0.02,0.33,0,0,0.32,0,0,no,res,res,no,bb,no,no,bb,no,no
40,Turn,49.98,31.6,0,0,0,0,0,0,0,0,0,0,no,no,no,no,no,no,no,no,no,no
41,Turn,83.19,63.5,0,0.36,0,0,0,0,0,0,0,0,no,res,no,no,no,no,no,no,no,no
42,Turn,36.96,29.05,0.36,1,0.8,0.44,0.65,0,0,0.51,0,0,no,no,no,no,no,no,no,res,no,no
43,Coil,88.97,56.35,0,0.31,0,0,0,0,0,0,0,0,no,bb,no,no,no,no,no,no,no,no
44,AlphaHelix,0.73,0.2,0,0,0,0,0,0,0,0.57,0,0,no,no,no,no,no,no,no,no,no,no
45,AlphaHelix,81.99,49.85,0,0,0,0,0,0,0.04,0,0,0,no,no,no,no,no,no,no,no,no,no
46,AlphaHelix,134.4,79.45,0.12,0.33,0.43,0.18,0.38,0,0,0.4,0,0,no,no,res,no,res,no,no,no,no,no
47,AlphaHelix,6.93,1.45,1,0.82,0.94,0.84,0.9,0,0,0.93,0,0,no,no,no,no,no,no,no,no,no,no
48,AlphaHelix,18.4,11.15,0,0,0,0,0,0,0,0,0,0,no,no,no,no,no,no,no,no,no,no
49,AlphaHelix,68.34,46.25,0,0,0,0,0,0,0,0,0,0,no,no,no,no,no,no,no,no,no,no
50,AlphaHelix,39.94,42.1,0.55,0.47,0.92,0.51,0.55,0,0,0.25,0,0,no,no,no,no,no,no,no,no,no,no
51,AlphaHelix,5.84,3,0,0,0.64,0,0,0,0,0,0,0,no,no,no,no,no,no,no,no,no,no
52,AlphaHelix,5.85,5.3,0,0,0,0,0,0,0,0,0,0,no,no,no,no,no,no,no,no,no,no
53,AlphaHelix,137.29,81.65,0,0,0.06,0,0,0,0,0.5,0,0,no,no,no,no,no,no,no,no,no,no
54,AlphaHelix,163.37,68.8,0.19,0.36,0.38,0.18,0.37,0,0,0.98,0,0,no,res,res,no,res,no,no,res,no,no
55,AlphaHelix,73.44,34.25,0.05,0,0,0.05,0.1,0,0,0.57,0,0,no,no,no,no,no,no,no,no,no,no
56,Coil,66.74,76.55,0,0,0,0,0,0,0,0.33,0,0,no,no,no,no,no,no,no,no,no,no
57,Coil,58.49,40,0,0,0,0,0,0,0,0,0,0,no,no,no,no,no,no,no,no,no,no
58,Coil,95.09,76.5,0,0.14,0,0,0,0,0,0,0,0,no,no,no,no,no,no,no,no,no,no
59,310Helix,61.53,36.9,0,0,0,0,0,0.11,0.12,0,0,0,no,no,no,no,no,no,no,no,no,no
60,310Helix,118.51,88.1,0,0.47,0,0,0,0.74,0.35,0,0,0,no,no,no,no,no,res,res,no,no,no
61,310Helix,23.63,25.8,0,0.71,0,0,0,0.01,0,0,0,0,no,no,no,no,no,no,no,no,no,no
62,Strand,22.65,9.45,0,0,0,0,0,0,0,0,0,0,no,no,no,no,no,no,no,no,no,no
63,Strand,71.96,35.55,0,0.72,0,0,0,0.95,0.8,0,0.46,0.53,no,res,no,no,no,res,res,no,res,no
64,Strand,3.09,0.95,0,0,0,0,0,0,0,0,0,0,no,no,no,no,no,no,no,no,no,no
65,Strand,30.59,20.95,0,0.95,0,0,0,0.96,0.95,0,0.6,0.21,no,no,no,no,no,no,no,no,no,no
66,Strand,15.3,7.45,0,0,0,0,0,0.09,0.04,0,0,0.2,no,no,no,no,no,no,no,no,no,no
67,Turn,140.85,71.15,0,0.05,0,0,0,0.76,0.65,0,0,0.66,no,no,no,no,no,res,no,no,no,res
68,Turn,53.57,61.4,0,0.65,0,0,0,0.82,0.81,0,0.14,0.55,no,no,no,no,no,bb,no,no,no,no
69,Strand,127.21,86.75,0,0.14,0,0,0,0.1,0.5,0,0,0.01,no,no,no,no,no,no,res,no,no,no
70,Strand,125.74,62.25,0,0.56,0,0,0,0.58,0.71,0,0.02,0,no,res,no,no,no,res,res,no,no,no
71,Coil,3.64,0.5,0,0,0,0,0,0,0,0,0,0,no,no,no,no,no,no,no,no,no,no
72,Turn,49.53,61.5,0,0,0,0,0,0.54,0.5,0,0,0,no,no,no,no,no,no,no,no,no,no
73,Turn,51.01,43.4,0,0,0,0,0,0,0.39,0,0,0,no,no,no,no,no,no,no,no,no,no
74,Turn,97.18,79.25,0,0,0,0,0,0.27,0.19,0,0,0,no,no,no,no,no,res,no,no,no,no
75,Turn,43.51,27.55,0,0,0,0,0,0.69,0.75,0,0,0,no,no,no,no,no,no,no,no,no,no
76,Coil,12.6,11.85,0,0,0,0,0,0,0,0,0,0,no,no,no,no,no,no,no,no,no,no
77,310Helix,0,0,0,0,0,0,0,0,0,0,0,0,no,no,no,no,no,no,no,no,no,no
78,310Helix,134.52,73.65,0,0,0,0,0,0,0,0,0,0,no,no,no,no,no,no,no,no,no,no
79,310Helix,113.97,56,0,0,0,0,0,0.17,0.04,0,0,0,no,no,no,no,no,res,no,no,no,no
80,310Helix,44.26,15.1,0,0,0,0,0,0.11,0,0,0,0.06,no,no,no,no,no,no,no,no,no,no
81,Coil,53.89,61.8,0,0,0,0,0,0,0,0,0,0.2,no,no,no,no,no,no,no,no,no,bb
82,Coil,4.74,0,0,0,0,0,0,0,0,0,0,0.17,no,no,no,no,no,no,no,no,no,no
83,Turn,120.73,84,0,0,0,0,0,0,0,0,0,0.16,no,no,no,no,no,no,no,no,no,no
84,Turn,91.28,56.35,0,0,0,0,0,0,0,0,0,0.05,no,no,no,no,no,no,no,no,no,no
85,Turn,98.16,64.35,0,0,0,0,0,0,0,0,0,0.39,no,no,no,no,no,no,no,no,no,no
86,Turn,30.7,22.9,0,0,0,0,0,0.23,0,0,0,0.94,no,no,no,no,no,no,no,no,no,no
87,Strand,53.46,40.35,0,0.33,0,0,0,0,0,0,0,0.78,no,no,no,no,no,no,no,no,no,no
88,Strand,0.16,0.1,0,0,0,0,0,0,0,0,0,0,no,no,no,no,no,no,no,no,no,no
89,Strand,59.67,42.25,0,0.87,0,0,0,0.49,0.59,0,0,0.82,no,res,no,no,no,no,res,no,no,res
90,Strand,5.34,2.65,0,0,0,0,0,0,0,0,0,0.07,no,no,no,no,no,no,no,no,no,no
91,Strand,82.7,42.15,0,0.96,0,0,0,0.89,0.84,0,0.53,0.4,no,no,no,no,no,no,res,no,no,no
92,Strand,99.34,66.65,0,0.22,0,0,0,0.01,0.02,0,0.49,0,no,no,no,no,no,no,no,no,no,no
93,Coil,62.61,32.8,0,0.49,0,0,0,0.49,0.27,0,0.18,0,no,no,no,no,no,res,no,no,no,no
94,Coil,157.31,91.3,0,0.84,0,0,0,0.91,0.91,0,0.85,0,no,bb,no,no,no,res,res,no,res,no
95,Coil,130.56,94.7,0,0.8,0,0,0,0.6,0.6,0,0.38,0,no,bb,no,no,no,bb,bb,no,bb,no
96,Coil,78.12,89.55,0,0.96,0,0,0,1,1,0.01,0.97,0,no,bb,no,no,no,no,no,no,bb,no
97,Coil,129.23,100,0,0.84,0,0,0,1,0.98,0.49,0.79,0,no,bb,no,no,no,bb,bb,no,bb,no
98,Disorder,156.62,72.9,0,0,0,0,0,0.7,0,0,0,0,no,no,no,no,no,bb,no,no,no,no
99,Disorder,108.27,100,0,0,0,0,0,0.62,0,0,0,0,no,no,no,no,no,no,no,no,no,no
100,Disorder,105.33,77,0,0,0,0,0,0.08,0,0,0,0,no,no,no,no,no,no,no,no,no,no
101,Disorder,155.13,93.1,0,0,0,0,0,0,0,0,0,0,no,no,no,no,no,no,no,no,no,no
102,Disorder,177.31,100,0,0,0,0,0,0,0,0,0,0,no,no,no,no,no,no,no,no,no,no
