"Chrom","Position","RSID","Reference","Alternate","Data","Consequence","Protein Consequence","Transcript Consequence","Annotation","Flags","Allele Count","Allele Number","Number of Homozygotes","Allele Frequency","Allele Count African","Allele Number African","Homozygote Count African","Allele Count Ashkenazi Jewish","Allele Number Ashkenazi Jewish","Homozygote Count Ashkenazi Jewish","Allele Count East Asian","Allele Number East Asian","Homozygote Count East Asian","Allele Count European (Finnish)","Allele Number European (Finnish)","Homozygote Count European (Finnish)","Allele Count European (Non-Finnish)","Allele Number European (Non-Finnish)","Homozygote Count European (Non-Finnish)","Allele Count Latino","Allele Number Latino","Homozygote Count Latino","Allele Count Other","Allele Number Other","Homozygote Count Other","Allele Count South Asian","Allele Number South Asian","Homozygote Count South Asian"
"2","203071978",".","A","G","E","p.Ter102GlnextTer22","p.Ter102GlnextTer22","c.304T>C","stop lost","","1","251262","0","3.98e-6","0","17326","0","0","9850","0","1","17322","0","0","22564","0","0","111724","0","0","35598","0","0","6372","0","0","30506","0"
"2","203071983",".","G","A","E","p.Thr100Ile","p.Thr100Ile","c.299C>T","missense","","1","251686","0","3.97e-6","0","17352","0","0","9858","0","0","17334","0","1","22572","0","0","111836","0","0","35668","0","0","6376","0","0","30690","0"
"2","203071984",".","T","C","E","p.Thr100Ala","p.Thr100Ala","c.298A>G","missense","","3","251700","0","1.19e-5","0","17350","0","3","9858","0","0","17334","0","0","22570","0","0","111838","0","0","35668","0","0","6378","0","0","30704","0"
"2","203071992",".","C","T","E","p.Gly97Asp","p.Gly97Asp","c.290G>A","missense","","1","251776","0","3.97e-6","0","17350","0","0","9860","0","0","17330","0","0","22562","0","1","111836","0","0","35676","0","0","6376","0","0","30786","0"
"2","203071998",".","G","A","E G","p.Thr95Met","p.Thr95Met","c.284C>T","missense","","1","251964","0","3.97e-6","0","17366","0","0","9866","0","0","17346","0","0","22572","0","0","111890","0","0","35690","0","1","6386","0","0","30848","0"
"2","203072007",".","T","G","E","p.Gln92Pro","p.Gln92Pro","c.275A>C","missense","","1","251998","0","3.97e-6","1","17366","0","0","9864","0","0","17348","0","0","22572","0","0","111896","0","0","35708","0","0","6384","0","0","30860","0"
"2","203072589",".","A","C","E","c.372+2T>G†","","c.372+2T>G","splice donor","","1","81802","0","1.22e-5","0","3764","0","0","5578","0","0","4696","0","0","3992","0","0","28632","0","1","17106","0","0","2564","0","0","15470","0"
"2","203072594","rs531455168","G","C","E G","p.Ser123Arg†","p.Ser123Arg","c.369C>G","missense","","31","113026","0","2.74e-4","25","12254","0","0","5990","0","0","6178","0","0","7542","0","0","43700","0","4","17928","0","2","3602","0","0","15832","0"
"2","203072613",".","G","C","G","p.Thr117Ser†","p.Thr117Ser","c.350C>G","missense","","1","30196","0","3.31e-5","0","8504","0","0","292","0","0","1590","0","0","3506","0","1","14530","0","0","760","0","0","1014","0","0","0","0"
"2","203072622",".","A","G","E","p.Leu114Pro†","p.Leu114Pro","c.341T>C","missense","","1","82296","0","1.22e-5","0","3666","0","0","5708","0","0","4254","0","0","4020","0","1","29352","0","0","17116","0","0","2618","0","0","15562","0"
"2","203072628",".","C","T","E G","p.Arg112Gln†","p.Arg112Gln","c.335G>A","missense","","3","110460","0","2.72e-5","0","12116","0","0","5816","0","0","5740","0","0","7474","0","1","43166","0","1","17556","0","0","3572","0","1","15020","0"
"2","203072629",".","G","A","E","p.Arg112Ter†","p.Arg112Ter","c.334C>T","stop gained","","4","79678","0","5.02e-5","0","3644","0","0","5508","0","0","4122","0","0","3934","0","3","28308","0","0","16790","0","1","2534","0","0","14838","0"
"2","203072635",".","T","G","E G","p.Thr110Pro†","p.Thr110Pro","c.328A>C","missense","","1","30258","0","3.3e-5","1","8510","0","0","292","0","0","1592","0","0","3518","0","0","14564","0","0","762","0","0","1020","0","0","0","0"
"2","203072649","rs561927265","C","G","G","p.Arg105Thr†","p.Arg105Thr","c.314G>C","missense","","1","30256","0","3.31e-5","0","8510","0","0","292","0","0","1594","0","0","3516","0","0","14562","0","0","762","0","1","1020","0","0","0","0"
"2","203072679","rs776116006","G","A","E G","p.Ala95Val†","p.Ala95Val","c.284C>T","missense","","7","57058","0","1.23e-4","1","9678","0","1","1898","0","0","2880","0","0","5214","0","3","26370","0","1","5450","0","0","1874","0","1","3694","0"
"2","203072704",".","T","C","G","p.Ile87Val†","p.Ile87Val","c.259A>G","missense","","2","30268","0","6.61e-5","0","8512","0","0","292","0","0","1596","0","0","3518","0","2","14568","0","0","762","0","0","1020","0","0","0","0"
"2","203075471",".","T","C","E","p.His75Arg","p.His75Arg","c.224A>G","missense","","1","249782","0","4e-6","0","17238","0","0","9810","0","1","17258","0","0","22544","0","0","111580","0","0","34978","0","0","6312","0","0","30062","0"
"2","203075511",".","G","A","E","p.Leu62Phe","p.Leu62Phe","c.184C>T","missense","","2","251038","0","7.97e-6","1","17276","0","0","9834","0","1","17304","0","0","22554","0","0","111804","0","0","35332","0","0","6360","0","0","30574","0"
"2","203075520",".","T","A","E","p.Met59Leu","p.Met59Leu","c.175A>T","missense","","1","250714","0","3.99e-6","0","17250","0","0","9822","0","0","17298","0","0","22552","0","0","111718","0","0","35286","0","0","6354","0","1","30434","0"
"2","203075520",".","T","C","E","p.Met59Val","p.Met59Val","c.175A>G","missense","","5","250714","0","1.99e-5","0","17250","0","0","9822","0","0","17298","0","0","22552","0","2","111718","0","0","35286","0","1","6354","0","2","30434","0"
"2","203075526",".","C","T","E G","p.Val57Ile","p.Val57Ile","c.169G>A","missense","","1","30252","0","3.31e-5","0","8508","0","0","292","0","0","1596","0","0","3516","0","0","14558","0","1","762","0","0","1020","0","0","0","0"
"2","203084782",".","T","A","E","p.Glu20Asp","p.Glu20Asp","c.60A>T","missense","","1","250256","0","4e-6","0","17256","0","0","9840","0","0","17258","0","0","22560","0","0","111738","0","1","35194","0","0","6356","0","0","30054","0"
"2","203084786",".","C","A","E","p.Gly19Val","p.Gly19Val","c.56G>T","missense","","1","250506","0","3.99e-6","0","17266","0","0","9848","0","0","17250","0","0","22558","0","0","111790","0","0","35280","0","0","6366","0","1","30148","0"
"2","203084786",".","C","T","E","p.Gly19Asp","p.Gly19Asp","c.56G>A","missense","","2","250506","0","7.98e-6","0","17266","0","0","9848","0","0","17250","0","0","22558","0","2","111790","0","0","35280","0","0","6366","0","0","30148","0"
"2","203084819",".","G","A","G","p.Pro8Leu","p.Pro8Leu","c.23C>T","missense","","1","30252","0","3.31e-5","1","8510","0","0","292","0","0","1596","0","0","3512","0","0","14564","0","0","762","0","0","1016","0","0","0","0"
"2","203084823",".","T","G","E","p.Lys7Gln","p.Lys7Gln","c.19A>C","missense","","1","247856","0","4.03e-6","0","17052","0","0","9776","0","0","17062","0","0","22524","0","1","111162","0","0","34522","0","0","6292","0","0","29466","0"
"2","203084825",".","G","A","G","p.Ala6Val","p.Ala6Val","c.17C>T","missense","","1","30238","0","3.31e-5","0","8504","0","0","292","0","0","1596","0","0","3516","0","0","14552","0","0","762","0","1","1016","0","0","0","0"
"2","203096280","rs62196478","C","T","E G","p.Arg63His†","p.Arg63His","c.188G>A","missense","","9","132698","0","6.78e-5","0","8120","0","0","7832","0","1","9956","0","0","5604","0","8","49214","0","0","25202","0","0","4154","0","0","22616","0"
"2","203096281",".","G","A","E","p.Arg63Cys†","p.Arg63Cys","c.187C>T","missense","","13","133196","0","9.76e-5","1","8138","0","0","7840","0","1","9954","0","0","5680","0","5","49540","0","4","25178","0","2","4158","0","0","22708","0"
"2","203096284",".","G","A","E","p.Leu62Phe†","p.Leu62Phe","c.184C>T","missense","","1","134136","0","7.46e-6","0","8170","0","0","7868","0","1","9990","0","0","5794","0","0","49984","0","0","25332","0","0","4188","0","0","22810","0"
"2","203096292",".","C","T","E G","p.Arg59His†","p.Arg59His","c.176G>A","missense","","1","30206","0","3.31e-5","0","8504","0","0","292","0","0","1590","0","0","3502","0","0","14542","0","0","760","0","1","1016","0","0","0","0"
"2","203096293","rs779385062","G","A","E G","p.Arg59Cys†","p.Arg59Cys","c.175C>T","missense","","5","166016","0","3.01e-5","2","16780","0","0","8198","0","0","11622","0","0","9572","0","2","65506","0","0","26126","0","0","5242","0","1","22970","0"
"2","203096298",".","G","A","E","p.Ser57Leu†","p.Ser57Leu","c.170C>T","missense","","1","138772","0","7.21e-6","1","8506","0","0","7944","0","0","10140","0","0","6514","0","0","52520","0","0","25608","0","0","4270","0","0","23270","0"
"2","203096298",".","G","T","E","p.Ser57Ter†","p.Ser57Ter","c.170C>A","stop gained","LC LoF","1","138772","0","7.21e-6","0","8506","0","0","7944","0","1","10140","0","0","6514","0","0","52520","0","0","25608","0","0","4270","0","0","23270","0"
"2","203096311",".","T","C","E","p.Ser53Gly†","p.Ser53Gly","c.157A>G","missense","","1","145472","0","6.87e-6","0","8882","0","1","8074","0","0","10478","0","0","7488","0","0","55980","0","0","26186","0","0","4382","0","0","24002","0"
"2","203096313",".","C","T","E G","p.Cys52Tyr†","p.Cys52Tyr","c.155G>A","missense","","2","176696","0","1.13e-5","0","17460","0","0","8406","0","0","12110","0","0","11154","0","2","71020","0","0","27024","0","0","5430","0","0","24092","0"
"2","203096319",".","A","G","G","p.Leu50Pro†","p.Leu50Pro","c.149T>C","missense","","1","30228","0","3.31e-5","1","8512","0","0","292","0","0","1594","0","0","3514","0","0","14536","0","0","762","0","0","1018","0","0","0","0"
"2","203096326",".","G","A","E","p.Pro48Ser†","p.Pro48Ser","c.142C>T","missense","","1","156978","0","6.37e-6","0","9654","0","0","8296","0","0","11100","0","0","9460","0","0","61846","0","0","27080","0","0","4634","0","1","24908","0"
"2","203096331",".","A","G","E","p.Leu46Pro†","p.Leu46Pro","c.137T>C","missense","","1","164444","0","6.08e-6","0","10230","0","0","8414","0","0","11624","0","0","10604","0","1","65572","0","0","27836","0","0","4730","0","0","25434","0"
"2","203096334",".","G","A","E","p.Ala45Val†","p.Ala45Val","c.134C>T","missense","","1","168586","0","5.93e-6","0","10556","0","0","8498","0","0","11872","0","0","11208","0","0","67608","0","0","28274","0","1","4814","0","0","25756","0"
"2","203096340",".","C","T","E","p.Ser43Asn†","p.Ser43Asn","c.128G>A","missense","","1","185770","0","5.38e-6","0","11810","0","0","8726","0","0","13076","0","0","13414","0","0","76588","0","0","29978","0","0","5148","0","1","27030","0"
"2","203096343","rs779624964","C","T","E G","p.Arg42Gln†","p.Arg42Gln","c.125G>A","missense","","5","221702","0","2.26e-5","1","20694","0","0","9094","0","0","15170","0","0","17684","0","0","94058","0","4","31344","0","0","6266","0","0","27392","0"
"2","203096344","rs748803652","G","A","E G","p.Arg42Trp†","p.Arg42Trp","c.124C>T","missense","","7","225806","0","3.1e-5","2","21044","0","0","9170","0","0","15486","0","0","18224","0","1","96132","0","4","31778","0","0","6336","0","0","27636","0"
"2","203096361",".","T","C","E","p.Asn36Ser†","p.Asn36Ser","c.107A>G","missense","","1","230842","0","4.33e-6","0","15118","0","0","9410","0","0","16454","0","0","19140","0","0","100304","0","1","34508","0","0","5982","0","0","29926","0"
"2","203096362",".","T","C","E","p.Asn36Asp†","p.Asn36Asp","c.106A>G","missense","","5","232494","0","2.15e-5","0","15252","0","0","9438","0","0","16542","0","0","19262","0","0","101274","0","5","34668","0","0","6012","0","0","30046","0"
"2","203096364",".","T","C","E","p.Asp35Gly†","p.Asp35Gly","c.104A>G","missense","","2","234480","0","8.53e-6","0","15426","0","0","9474","0","0","16638","0","0","19512","0","2","102380","0","0","34804","0","0","6062","0","0","30184","0"
"2","203096365","rs563396945","C","T","E G","p.Asp35Asn†","p.Asp35Asn","c.103G>A","missense","","2","265158","0","7.54e-6","1","23960","0","0","9768","0","0","18234","0","0","23116","0","0","117206","0","1","35582","0","0","7072","0","0","30220","0"
"2","203096368",".","C","G","E","p.Ala34Pro†","p.Ala34Pro","c.100G>C","missense","","3","238866","0","1.26e-5","0","15756","0","0","9546","0","0","16892","0","0","20058","0","0","104848","0","0","35176","0","0","6126","0","3","30464","0"
"2","203096380",".","T","C","G","p.Lys30Glu†","p.Lys30Glu","c.88A>G","missense","","1","30252","0","3.31e-5","1","8512","0","0","292","0","0","1594","0","0","3518","0","0","14554","0","0","762","0","0","1020","0","0","0","0"
"2","203096383","rs754074373","C","T","E G","p.Asp29Asn†","p.Asp29Asn","c.85G>A","missense","","11","274574","0","4.01e-5","0","24704","0","0","9972","0","0","18752","0","0","24608","0","8","122216","0","1","36312","0","2","7260","0","0","30750","0"
"2","203096389",".","T","C","G","p.Met27Val†","p.Met27Val","c.79A>G","missense","","2","30238","0","6.61e-5","2","8508","0","0","292","0","0","1594","0","0","3518","0","0","14546","0","0","762","0","0","1018","0","0","0","0"
"2","203096391","rs759645098","A","G","E G","p.Met26Thr†","p.Met26Thr","c.77T>C","missense","","2","30222","0","6.62e-5","0","8502","0","0","292","0","1","1594","0","0","3508","0","1","14546","0","0","762","0","0","1018","0","0","0","0"
"2","203096392",".","T","C","E","p.Met26Val†","p.Met26Val","c.76A>G","missense","","1","245330","0","4.08e-6","0","16276","0","0","9706","0","1","17202","0","0","21264","0","0","108198","0","0","35624","0","0","6258","0","0","30802","0"
"2","203096392",".","T","G","E","p.Met26Leu†","p.Met26Leu","c.76A>C","missense","","1","245330","0","4.08e-6","0","16276","0","0","9706","0","0","17202","0","0","21264","0","1","108198","0","0","35624","0","0","6258","0","0","30802","0"
"2","203096394",".","G","A","E","p.Thr25Ile†","p.Thr25Ile","c.74C>T","missense","","2","245364","0","8.15e-6","0","16286","0","0","9708","0","0","17204","0","0","21300","0","2","108182","0","0","35618","0","0","6260","0","0","30806","0"
"2","203096401",".","C","T","E","p.Ala23Thr†","p.Ala23Thr","c.67G>A","missense","","14","245502","0","5.7e-5","0","16284","0","0","9708","0","0","17204","0","1","21288","0","1","108304","0","0","35630","0","0","6262","0","12","30822","0"
"2","203096416",".","C","T","E","p.Glu18Lys†","p.Glu18Lys","c.52G>A","missense","","4","245940","0","1.63e-5","0","16332","0","0","9724","0","0","17222","0","0","21428","0","4","108468","0","0","35640","0","0","6274","0","0","30852","0"
"2","203096418",".","C","A","E","p.Gly17Val†","p.Gly17Val","c.50G>T","missense","","1","245974","0","4.07e-6","0","16336","0","0","9716","0","0","17220","0","1","21426","0","0","108504","0","0","35640","0","0","6278","0","0","30854","0"
"2","203096424",".","C","G","E","p.Arg15Thr†","p.Arg15Thr","c.44G>C","missense","","8","246076","1","3.25e-5","0","16344","0","0","9722","0","0","17228","0","0","21416","0","1","108586","0","7","35642","1","0","6282","0","0","30856","0"
"2","203096424",".","C","T","E","p.Arg15Lys†","p.Arg15Lys","c.44G>A","missense","","1","246076","0","4.06e-6","0","16344","0","0","9722","0","0","17228","0","0","21416","0","0","108586","0","0","35642","0","1","6282","0","0","30856","0"
"2","203096427",".","C","T","E","p.Arg14Lys†","p.Arg14Lys","c.41G>A","missense","","1","245996","0","4.07e-6","1","16336","0","0","9722","0","0","17222","0","0","21366","0","0","108580","0","0","35638","0","0","6274","0","0","30858","0"
"2","203096430",".","A","C","E","p.Val13Gly†","p.Val13Gly","c.38T>G","missense","","1","246014","0","4.06e-6","0","16346","0","0","9728","0","0","17216","0","0","21358","0","0","108590","0","1","35644","0","0","6274","0","0","30858","0"
"2","203096434",".","G","A","E","p.Leu12Phe†","p.Leu12Phe","c.34C>T","missense","","1","245794","0","4.07e-6","0","16336","0","0","9724","0","0","17204","0","0","21186","0","1","108578","0","0","35642","0","0","6272","0","0","30852","0"
"2","203096434",".","G","C","E","p.Leu12Val†","p.Leu12Val","c.34C>G","missense","","2","245794","0","8.14e-6","0","16336","0","0","9724","0","0","17204","0","0","21186","0","0","108578","0","0","35642","0","0","6272","0","2","30852","0"
"2","203096436","rs746812973","C","T","E G","p.Ser11Asn†","p.Ser11Asn","c.32G>A","missense","","3","276022","0","1.09e-5","0","24836","0","0","10014","0","0","18796","0","0","24676","0","1","123162","0","2","36394","0","0","7292","0","0","30852","0"
"2","203096446",".","T","C","G","p.Asn8Asp†","p.Asn8Asp","c.22A>G","missense","","1","30262","0","3.3e-5","1","8510","0","0","292","0","0","1594","0","0","3518","0","0","14568","0","0","762","0","0","1018","0","0","0","0"
"2","203096448","rs150201912","A","C","E G","p.Leu7Arg†","p.Leu7Arg","c.20T>G","missense","","4733","275300","61","1.72e-2","96","24802","0","10","10010","1","2","18784","0","1262","24134","22","2749","123060","32","373","36388","4","157","7272","2","84","30850","0"
"2","203103167",".","T","G","E","p.Asp3Ala","p.Asp3Ala","c.8A>C","missense","","1","241144","0","4.15e-6","0","15494","0","0","9418","0","0","15704","0","0","22092","0","1","107086","0","0","34974","0","0","6090","0","0","30286","0"
"2","203103170","rs142025459","G","C","E","p.Ser2Cys","p.Ser2Cys","c.5C>G","missense","","1","240444","0","4.16e-6","0","15374","0","0","9404","0","0","15590","0","0","22114","0","1","106846","0","0","34858","0","0","6044","0","0","30214","0"