pos,sec.struc,acc,r.acc,b.sumo,b.sumo.nc,b.e1,b.rangap,b.psiKXE,b.ranbp2,b.homodimer,cia.psiKxE,cia.rangap,cia.sumo,cia.ranbp2,cia.homodimer,cia.sumo.nc,cia.e1
1,Coil,160,1,0,0,0,0,0,0,0.4,no,no,no,no,no,no,no
2,Coil,88.37,0.7,0,0,0.64,0,0,0,0.49,no,no,no,no,no,no,no
3,Coil,65.44,0.73,0,0,0,0,0,0,0.66,no,no,no,no,no,no,no
4,AlphaHelix,125.99,0.82,0,0,0,0,0,0.57,0.23,no,no,no,no,no,no,no
5,AlphaHelix,4.47,0.06,0,0,0,0,0,0,0.34,no,no,no,no,no,no,no
6,AlphaHelix,92.39,0.61,0,0,0.74,0,0,0,0.62,no,no,no,no,bb,no,no
7,AlphaHelix,44.44,0.49,0,0,0,0,0,0.16,0.83,no,no,no,no,no,no,no
8,AlphaHelix,40.54,0.19,0,0,0,0,0,1,0,no,no,no,res,no,no,no
9,AlphaHelix,0,0,0,0,0,0,0,0,0,no,no,no,no,no,no,no
10,AlphaHelix,47.44,0.66,0,0,0.38,0,0,0,0.83,no,no,no,no,no,no,no
11,AlphaHelix,111.84,0.73,0,0,0,0,0,0.76,0.21,no,no,no,res,no,no,no
12,AlphaHelix,13.18,0.07,0,0,0,0,0,0.74,0,no,no,no,no,no,no,no
13,AlphaHelix,54.41,0.27,0,0.42,0.77,0,0,0.83,0,no,no,no,res,res,res,res
14,AlphaHelix,85.44,0.51,0,0,0.59,0,0,0.45,0.4,no,no,no,res,res,res,res
15,AlphaHelix,61.1,0.77,0,0,0,0,0,0.89,0,no,no,no,bb,no,no,no
16,AlphaHelix,17.97,0.07,0,0.27,0,0,0,0,0,no,no,no,no,no,no,no
17,AlphaHelix,170.78,0.71,0,0.75,0.67,0,0,0.62,0.11,no,no,no,res,no,res,res
18,AlphaHelix,113.37,0.55,0,0.75,0.15,0,0,0.68,0.14,no,no,no,res,no,bb,no
19,Coil,114.68,0.86,0,0.24,0,0,0,0.38,0,no,no,no,no,no,res,no
20,Coil,49.11,0.24,0,0.8,0,0,0,0.04,0,no,no,no,no,no,res,no
21,Turn,38.82,0.18,0,0.1,0,0,0,0,0,no,no,no,no,no,no,no
22,Turn,202.35,1,0,0.78,0,0,0,0.61,0,no,no,no,no,no,no,no
23,Turn,32.01,0.37,0,0.76,0,0,0,0.95,0,no,no,no,no,no,bb,no
24,Turn,13.61,0.03,0,0.38,0,0,0,0.29,0,no,no,no,no,no,no,no
25,Strand,66.8,0.52,0,0.61,0,0,0,0.93,0,no,no,no,no,no,no,no
26,Strand,3.24,0,0,0.49,0,0,0,0,0,no,no,no,no,no,no,no
27,Strand,68.83,0.56,0,0.46,0.27,0,0,0.96,0,no,no,no,no,no,no,no
28,Strand,3.86,0.02,0,0.06,0,0,0,0.75,0,no,no,no,no,no,no,no
29,Strand,23.29,0.17,0,0,0,0,0,0.12,0,no,no,no,no,no,no,no
30,Strand,136,0.7,0,0,0.24,0,0,0.43,0,no,no,no,res,no,no,res
31,Turn,44.75,0.35,0,0,0.35,0,0,0,0,no,no,no,no,no,no,no
32,Turn,154.98,1,0,0,0,0,0,0,0,no,no,no,no,no,no,no
33,Turn,112.61,0.64,0,0,0.46,0,0,0,0,no,no,no,no,no,no,no
34,Turn,50.54,0.58,0,0,0.54,0,0,0,0,no,no,no,no,no,no,bb
35,Coil,83.06,0.7,0,0,1,0,0,0,0,no,no,no,no,no,no,no
36,Strand,84.12,0.42,0,0.01,1,0,0,0.36,0.1,no,no,no,no,no,no,bb
37,Strand,43.11,0.34,0,0,0.24,0,0,0,0,no,no,no,no,no,no,no
38,Strand,34.24,0.23,0,0,0.91,0,0,0,0.92,no,no,no,no,no,no,bb
39,Strand,42.26,0.26,0,0,0.43,0,0,0,0,no,no,no,no,no,no,no
40,Strand,29.22,0.26,0,0,0,0,0,0,0,no,no,no,no,no,no,no
41,Strand,0.08,0,0,0,0,0,0,0,0,no,no,no,no,no,no,no
42,Strand,72.87,0.51,0,0,0,0,0,0.55,0,no,no,no,no,no,no,no
43,Strand,6.79,0,0,0,0,0,0,1,0,no,no,no,no,no,no,no
44,Strand,7.11,0.11,0,0,0,0,0,0.9,0,no,no,no,no,no,no,no
45,Strand,0,0,0,0,0,0,0,0,0,no,no,no,no,no,no,no
46,Strand,24.95,0.24,0,0,0,0,0,0.92,0,no,no,no,no,no,no,no
47,Strand,6.04,0.07,0,0,0,0,0,1,0,no,no,no,bb,no,no,no
48,Turn,91.11,0.54,0.31,0,0,0,0,0.01,0,no,no,no,no,no,no,no
49,Turn,164.09,0.9,0,0.05,0,0,0,0.28,0,no,no,no,no,no,no,no
50,Turn,76.75,0.88,0,0,0,0,0,0,0,no,no,no,no,no,no,no
51,Turn,23.85,0.14,0,0,0,0,0,0,0,no,no,no,no,no,no,no
52,Turn,32.8,0.23,0,0,0,0,0,0,0,no,no,no,no,no,no,no
53,Turn,2.86,0.01,0,0,0,0,0,0,0,no,no,no,no,no,no,no
54,Turn,53.22,0.32,0,0,0,0,0,0.12,0,no,no,no,no,no,no,no
55,Turn,44.97,0.52,0,0,0,0,0,0.45,0,no,no,no,bb,no,no,no
56,Strand,2.45,0.03,0,0,0,0,0,1,0,no,no,no,no,no,no,no
57,Strand,47.36,0.28,0,0.01,0,0,0,0.71,0,no,no,no,no,no,no,no
58,Strand,6.61,0.01,0,0,0,0,0,0,0,no,no,no,no,no,no,no
59,Strand,63.71,0.38,0,0,0,0,0,0.22,0,no,no,no,no,no,no,no
60,Strand,1.14,0,0,0,0,0,0,0,0,no,no,no,no,no,no,no
61,Strand,50.71,0.25,0,0,0,0,0,0,0,no,no,no,no,no,no,no
62,Strand,0.1,0,0,0,0,0,0,0,0,no,no,no,no,no,no,no
63,Strand,62.76,0.42,0,0,0,0,0,0,0,no,no,no,no,no,no,no
64,Coil,11.26,0,0,0,0,0,0,0,0,no,no,no,no,no,no,no
65,Turn,130.85,0.76,0,0,0,0,0,0,0,no,no,no,no,no,no,no
66,Turn,101.29,0.84,0,0,0.05,0,0,0,0,no,no,no,no,no,no,no
67,Turn,74.69,0.55,0,0,0,0,0,0,0,no,no,no,no,no,no,no
68,Turn,1.18,0,0,0,0,0,0,0,0,no,no,no,no,no,no,no
69,Turn,16.98,0.16,0,0,0,0,0,0.82,0,no,no,no,no,no,no,no
70,Turn,62.07,0.7,0,0,0,0,0,0.15,0,no,no,no,no,no,no,no
71,Turn,5.59,0.07,0,0,0,0,0,0,0,no,no,no,no,no,no,no
72,Turn,17.51,0.11,0,0,0,0,0,0,0,no,no,no,no,no,no,no
73,Coil,2,0,0,0,0,0,0,0,0,no,no,no,no,no,no,no
74,Strand,108.63,0.6,0,0,0,0.11,0.11,0,0,res,res,no,no,no,no,no
75,Strand,1.04,0,0,0,0,0,0,0,0,no,no,no,no,no,no,no
76,Strand,32.21,0.19,0,0,0,0.01,0.01,0,0,no,no,no,no,no,no,no
77,Strand,2.63,0.01,0,0,0,0,0,0,0,no,no,no,no,no,no,no
78,Turn,73.57,0.45,0,0,0,0,0,0,0,no,no,no,no,no,no,no
79,Turn,75.33,0.65,0,0,0,0,0,0,0,no,no,no,no,no,no,no
80,Turn,71.89,0.54,0,0,0,0,0,0,0,no,no,no,no,no,no,no
81,Coil,6.15,0.01,0,0,0,0,0,0,0,no,no,no,no,no,no,no
82,Coil,22.19,0.1,0,0,0,0,0,0,0,no,no,no,no,no,no,no
83,Turn,0.26,0,0,0,0,0,0,0,0,no,no,no,no,no,no,no
84,Turn,0.59,0.01,0,0,0,0,0,0,0,no,no,no,no,no,no,no
85,Turn,2.91,0.03,1,0,0,0.2,0.2,0,0,no,no,res,no,no,no,no
86,Bridge,0.54,0,0,0,0,0,0,0,0,no,no,no,no,no,no,no
87,Turn,96.14,0.5,0,0,0,0.83,0.83,0,0.01,res,res,no,no,no,no,no
88,Turn,97.05,0.75,0,0,0,0.21,0.21,0,0,no,no,no,no,no,no,no
89,Turn,68.01,0.6,0,0,0,0.18,0.18,0,0,res,res,no,no,no,no,no
90,Turn,0.01,0,0,0,0,0,0,0,0,no,no,no,no,no,no,no
91,Bridge,31.62,0.3,0,0,0,0.51,0.51,0,0,res,res,no,no,no,no,no
92,Bridge,8.16,0.01,0,0,0,0,0,0,0,no,no,no,no,no,no,no
93,Coil,29.65,0.24,0.52,0,0,0.42,0.42,0,0.1,no,no,bb,no,no,no,no
94,Coil,33.93,0.17,1,0,0,0,0,0,0,no,no,no,no,no,no,no
95,310Helix,27.63,0.33,0.81,0,0,0,0,0,0,no,no,res,no,no,no,no
96,310Helix,42.1,0.28,0.95,0,0,0,0,0,0,no,no,no,no,no,no,no
97,310Helix,16.83,0.04,0,0,0,0,0,0,0,no,no,no,no,no,no,no
98,Turn,66.47,0.44,0.12,0,0,0.01,0.01,0,0.12,no,no,no,no,no,no,no
99,Turn,96.28,0.55,0,0,0,0,0,0,0,no,no,no,no,no,no,no
100,Turn,137.12,0.9,0,0,0,0,0,0,0.18,no,no,no,no,no,no,no
101,Turn,113.92,0.58,0.01,0,0,0,0,0,0.37,no,no,no,no,no,no,no
102,Turn,86.06,0.64,0.22,0,0,0,0,0,0,no,no,no,no,no,no,no
103,Coil,14.82,0.01,0,0,0,0,0,0,0,no,no,no,no,no,no,no
104,Turn,144.61,0.74,0,0,0,0,0,0,0,no,no,no,no,no,no,no
105,Turn,61.73,0.59,0,0,0,0,0,0.38,0,no,no,no,no,no,no,no
106,Turn,78.4,0.89,0.11,0,0,0,0,0.48,0,no,no,no,no,no,no,no
107,Turn,20.67,0.13,0.45,0,0,0,0,0,0,no,no,no,no,no,no,no
108,Coil,49.97,0.47,0.19,0,0,0,0,0.85,0,no,no,no,no,no,no,no
109,AlphaHelix,2.3,0.01,0,0,0,0,0,0,0,no,no,no,no,no,no,no
110,AlphaHelix,43.73,0.27,0.42,0,0,0,0,0.06,0,no,no,no,no,no,no,no
111,AlphaHelix,90.87,0.6,0.81,0,0,0,0,0.04,0,no,no,res,no,no,no,no
112,AlphaHelix,0.17,0,0,0,0,0,0,0,0,no,no,no,no,no,no,no
113,AlphaHelix,0.27,0,0,0,0,0,0,0,0,no,no,no,no,no,no,no
114,AlphaHelix,71.72,0.46,0.7,0,0,0,0,0,0,no,no,no,no,no,no,no
115,AlphaHelix,16.46,0.19,0.64,0,0,0,0,0,0,no,no,bb,no,no,no,no
116,AlphaHelix,0.09,0,0,0,0,0,0,0,0,no,no,no,no,no,no,no
117,AlphaHelix,16.01,0.11,0,0,0,0,0,0.03,0,no,no,no,no,no,no,no
118,AlphaHelix,90.55,0.62,0.88,0,0,0,0,0,0,no,no,res,no,no,no,no
119,AlphaHelix,9.48,0.04,0.82,0,0,0,0,0,0,no,no,no,no,no,no,no
120,AlphaHelix,1.82,0.01,0,0,0,0,0,0,0,no,no,no,no,no,no,no
121,AlphaHelix,56.07,0.36,0,0,0,0,0,0,0,no,no,no,no,no,no,no
122,Coil,100.65,0.64,0.25,0,0,0,0,0,0,no,no,res,no,no,no,no
123,Coil,21.67,0.06,0,0,0,0,0,0,0,no,no,no,no,no,no,no
124,Turn,65.79,0.51,0.53,0,0,0,0,0,0,no,no,res,no,no,no,no
125,Turn,42,0.27,0,0,0,0,0,0,0.28,no,no,no,no,no,no,no
126,Turn,164.5,0.9,0,0,0,0.15,0,0,0.73,no,bb,no,no,res,no,no
127,Turn,54.17,0.45,0.24,0,0,0.36,0,0,0.69,res,res,no,no,res,no,no
128,Turn,62.68,0.37,0.01,0,0,0.93,0,0,0.72,no,no,no,no,no,no,no
129,Coil,14.37,0.01,0.18,0,0,0.93,0,0,0,no,no,bb,no,no,no,no
130,Coil,20.2,0.1,0,0,0,0.48,0,0,0,no,no,no,no,no,no,no
131,AlphaHelix,80.95,0.99,0,0,0,0.99,0,0,0.13,no,no,no,no,no,no,no
132,AlphaHelix,94.59,0.63,0,0,0,0.49,0,0,0,no,res,no,no,no,no,no
133,AlphaHelix,0,0,0,0,0,0,0,0,0,no,no,no,no,no,no,no
134,AlphaHelix,78.56,0.41,0,0,0,0.79,0,0,0.94,no,no,no,no,res,no,no
135,AlphaHelix,57.86,0.52,0,0,0,0.93,0,0,0.24,no,no,no,no,no,no,no
136,AlphaHelix,32.63,0.21,0,0,0,0.01,0,0,0,no,no,no,no,no,no,no
137,AlphaHelix,36.91,0.19,0,0,0,0,0,0,0.01,no,no,no,no,no,no,no
138,AlphaHelix,70.29,0.35,0,0,0,0.03,0,0,0.2,no,no,no,no,no,no,no
139,AlphaHelix,134.63,0.7,0,0,0,0.41,0,0,0.29,no,res,no,no,no,no,no
140,Coil,76.73,0.6,0,0,0,0,0,0,0,no,no,no,no,no,no,no
141,AlphaHelix,113.38,0.57,0,0,0,0,0,0,0,no,no,no,no,no,no,no
142,AlphaHelix,121.93,0.95,0,0,0,0,0,0,0,no,no,no,no,no,no,no
143,AlphaHelix,58.68,0.41,0,0,0,0,0,0,0,no,no,no,no,no,no,no
144,AlphaHelix,8.64,0.04,0,0,0,0,0,0,0,no,no,no,no,no,no,no
145,AlphaHelix,63.31,0.44,0,0,0,0,0,0,0,no,no,no,no,no,no,no
146,AlphaHelix,124.46,0.72,0,0,0,0,0,0,0,no,no,no,no,no,no,no
147,AlphaHelix,83.82,0.41,0,0,0,0,0,0,0,no,no,no,no,no,no,no
148,AlphaHelix,0.46,0,0,0,0,0,0,0,0,no,no,no,no,no,no,no
149,AlphaHelix,79.63,0.4,0,0,0,0,0,0,0,no,no,no,no,no,no,no
150,AlphaHelix,67.48,0.79,0,0,0,0,0,0,0,no,no,no,no,no,no,no
151,AlphaHelix,18.34,0.1,0,0,0,0,0,0,0,no,no,no,no,no,no,no
152,AlphaHelix,8.25,0.1,0,0,0,0,0,0,0,no,no,no,no,no,no,no
153,AlphaHelix,101.86,0.57,0,0,0,0,0,0,0,no,no,no,no,no,no,no
154,AlphaHelix,158.36,0.74,0,0,0,0,0,0,0,no,no,no,no,no,no,no
155,AlphaHelix,46.27,0.21,0,0,0,0,0,0,0,no,no,no,no,no,no,no
156,Coil,54.16,0.58,0,0,0,0,0,0,0,no,no,no,no,no,no,no
157,Coil,90.37,0.58,0,0,0,0,0,0.6,0,no,no,no,no,no,no,no
158,Coil,171.21,1,0,0,0,0,0,0.08,0,no,no,no,no,no,no,no
159,Coil,187,1,0,0,0,0,0,0,0,no,no,no,no,no,no,no
